-- phpMyAdmin SQL Dump
-- version 5.1.1
-- https://www.phpmyadmin.net/
--
-- Hôte : 127.0.0.1:3306
-- Généré le : dim. 10 août 2025 à 07:47
-- Version du serveur : 5.7.36
-- Version de PHP : 8.1.0

SET SQL_MODE = "NO_AUTO_VALUE_ON_ZERO";
START TRANSACTION;
SET time_zone = "+00:00";


/*!40101 SET @OLD_CHARACTER_SET_CLIENT=@@CHARACTER_SET_CLIENT */;
/*!40101 SET @OLD_CHARACTER_SET_RESULTS=@@CHARACTER_SET_RESULTS */;
/*!40101 SET @OLD_COLLATION_CONNECTION=@@COLLATION_CONNECTION */;
/*!40101 SET NAMES utf8mb4 */;

--
-- Base de données : `tontine`
--

-- --------------------------------------------------------

--
-- Structure de la table `admin`
--

DROP TABLE IF EXISTS `admin`;
CREATE TABLE IF NOT EXISTS `admin` (
  `id_ad` int(11) NOT NULL AUTO_INCREMENT,
  `nom_ad` varchar(200) NOT NULL,
  `prenom_ad` varchar(200) NOT NULL,
  `email_ad` varchar(200) NOT NULL,
  `password` varchar(200) NOT NULL,
  `role` varchar(200) NOT NULL,
  `statut` varchar(200) NOT NULL,
  `date_ajout` timestamp NOT NULL DEFAULT CURRENT_TIMESTAMP,
  PRIMARY KEY (`id_ad`)
) ENGINE=MyISAM AUTO_INCREMENT=2 DEFAULT CHARSET=utf8;

--
-- Déchargement des données de la table `admin`
--

INSERT INTO `admin` (`id_ad`, `nom_ad`, `prenom_ad`, `email_ad`, `password`, `role`, `statut`, `date_ajout`) VALUES
(1, 'Super', 'Admin', 'superadmin@gmail.com', '$2y$10$annEk0OU/huCZkkkk2lc7OsULDA8wsxlrbDamyM/ra6CUDEzvCUZi', 'Super admin', 'actif', '2025-07-31 21:10:47');

-- --------------------------------------------------------

--
-- Structure de la table `cotisation`
--

DROP TABLE IF EXISTS `cotisation`;
CREATE TABLE IF NOT EXISTS `cotisation` (
  `id_coti` int(11) NOT NULL AUTO_INCREMENT,
  `id_uti` int(11) NOT NULL,
  `id_rec` int(11) NOT NULL,
  `id_method` int(11) NOT NULL,
  `montant` varchar(200) NOT NULL,
  `date` timestamp NOT NULL,
  PRIMARY KEY (`id_coti`),
  KEY `id_uti` (`id_uti`),
  KEY `id_rec` (`id_rec`),
  KEY `id_method` (`id_method`)
) ENGINE=MyISAM AUTO_INCREMENT=14 DEFAULT CHARSET=utf8;

--
-- Déchargement des données de la table `cotisation`
--

INSERT INTO `cotisation` (`id_coti`, `id_uti`, `id_rec`, `id_method`, `montant`, `date`) VALUES
(1, 14, 2, 1, '5.5555555555556E+26', '2025-07-29 23:33:45'),
(2, 14, 2, 1, '5.5555555555556E+26', '2025-07-29 23:38:33'),
(3, 14, 1, 1, '5.5555555555556E+27', '2025-07-29 23:47:09'),
(4, 14, 1, 1, '5.5555555555556E+27', '2025-07-29 23:49:24'),
(5, 14, 3, 1, '8.8884777777778E+19', '2025-07-30 06:53:02'),
(6, 14, 2, 1, '800000', '2025-07-30 07:05:38'),
(7, 14, 1, 1, '7.7798888888889E+16', '2025-07-30 07:38:24'),
(8, 22, 3, 2, '989', '2025-08-09 23:28:25'),
(9, 22, 2, 2, '555555555555', '2025-08-09 23:51:25'),
(10, 22, 3, 2, '989', '2025-08-10 00:16:20'),
(11, 22, 3, 2, '989', '2025-08-10 00:23:28'),
(12, 22, 3, 2, '9895588', '2025-08-10 00:28:41'),
(13, 22, 1, 2, '4455555444', '2025-08-10 00:40:54');

-- --------------------------------------------------------

--
-- Structure de la table `echeance`
--

DROP TABLE IF EXISTS `echeance`;
CREATE TABLE IF NOT EXISTS `echeance` (
  `id_eche` int(11) NOT NULL AUTO_INCREMENT,
  `id_uti` int(11) NOT NULL,
  `id_rec` int(11) NOT NULL,
  `statut` varchar(200) NOT NULL DEFAULT 'en attente',
  `date_échéance` varchar(200) NOT NULL,
  `type` varchar(200) NOT NULL,
  `date_cotisation` varchar(200) DEFAULT NULL,
  PRIMARY KEY (`id_eche`),
  KEY `id_rec` (`id_rec`)
) ENGINE=MyISAM AUTO_INCREMENT=20 DEFAULT CHARSET=utf8;

--
-- Déchargement des données de la table `echeance`
--

INSERT INTO `echeance` (`id_eche`, `id_uti`, `id_rec`, `statut`, `date_échéance`, `type`, `date_cotisation`) VALUES
(1, 14, 2, 'cotisée', '2025-07-30', 'hebdomadaire', '2025-07-30 08:05:38'),
(2, 14, 1, 'manquée', '2025-07-29', 'journalier', NULL),
(3, 14, 1, 'manquée', '2025-07-29', 'journalier', NULL),
(4, 14, 1, 'cotisée', '2025-07-30', 'journalier', '2025-07-30 08:38:24'),
(5, 22, 2, 'manquée', '2025-07-31', 'journalier', NULL),
(6, 22, 2, 'manquée', '2025-08-01', 'journalier', NULL),
(7, 22, 2, 'manquée', '2025-08-02', 'journalier', NULL),
(8, 22, 2, 'manquée', '2025-08-03', 'journalier', NULL),
(9, 22, 2, 'manquée', '2025-08-04', 'journalier', NULL),
(10, 22, 2, 'manquée', '2025-08-05', 'journalier', NULL),
(11, 22, 3, 'cotisée', '2025-08-09', 'journalier', '2025-08-10 00:28:25'),
(12, 22, 2, 'manquée', '2025-08-06', 'journalier', NULL),
(13, 22, 2, 'manquée', '2025-08-07', 'journalier', NULL),
(14, 22, 2, 'manquée', '2025-08-08', 'journalier', NULL),
(15, 22, 2, 'cotisée', '2025-08-09', 'journalier', '2025-08-10 00:51:25'),
(16, 22, 3, 'cotisée', '2025-08-10', 'journalier', '2025-08-10 01:16:20'),
(17, 22, 3, 'cotisée', '2025-08-11', 'journalier', '2025-08-10 01:23:28'),
(18, 22, 3, 'cotisée', '2025-08-12', 'journalier', '2025-08-10 01:28:41'),
(19, 22, 1, 'terminé', '2025-08-10', 'mensuel', '2025-08-10 01:40:54');

-- --------------------------------------------------------

--
-- Structure de la table `infocoti`
--

DROP TABLE IF EXISTS `infocoti`;
CREATE TABLE IF NOT EXISTS `infocoti` (
  `id_info` int(11) NOT NULL AUTO_INCREMENT,
  `id_uti` int(11) NOT NULL,
  `balance_uti` varchar(200) NOT NULL DEFAULT '0',
  `id_rec` int(11) NOT NULL,
  `types` varchar(200) NOT NULL,
  `montantChoisie` varchar(200) NOT NULL,
  `date_limite` varchar(200) NOT NULL,
  `depart_date` timestamp NOT NULL DEFAULT CURRENT_TIMESTAMP,
  PRIMARY KEY (`id_info`),
  KEY `id_rec` (`id_rec`),
  KEY `id_uti` (`id_uti`)
) ENGINE=MyISAM AUTO_INCREMENT=6 DEFAULT CHARSET=utf8;

--
-- Déchargement des données de la table `infocoti`
--

INSERT INTO `infocoti` (`id_info`, `id_uti`, `balance_uti`, `id_rec`, `types`, `montantChoisie`, `date_limite`, `depart_date`) VALUES
(1, 14, '800000', 2, 'hebdomadaire', '800000', '2025-08-06', '2025-07-29 23:00:00'),
(2, 14, '7.7798888888889e16', 1, 'journalier', '77798888888888900', '2025-07-31T07:38:03.466Z', '2025-07-29 23:00:00'),
(3, 22, '555555555555', 2, 'journalier', '555555555555', '2025-08-10T23:51:08.690Z', '2025-07-30 23:00:00'),
(4, 22, '9898555', 3, 'journalier', '9895588', '2025-08-11T00:28:31.094Z', '2025-08-08 23:00:00'),
(5, 22, '4455555444', 1, 'mensuel', '4455555444', '2025-09-10', '2025-08-09 23:00:00');

-- --------------------------------------------------------

--
-- Structure de la table `method_payement`
--

DROP TABLE IF EXISTS `method_payement`;
CREATE TABLE IF NOT EXISTS `method_payement` (
  `id_method` int(11) NOT NULL AUTO_INCREMENT,
  `id_uti` int(11) NOT NULL,
  `types` varchar(200) NOT NULL,
  `details` varchar(200) NOT NULL,
  `date` timestamp NOT NULL DEFAULT CURRENT_TIMESTAMP,
  PRIMARY KEY (`id_method`),
  KEY `id_uti` (`id_uti`)
) ENGINE=MyISAM AUTO_INCREMENT=3 DEFAULT CHARSET=utf8;

--
-- Déchargement des données de la table `method_payement`
--

INSERT INTO `method_payement` (`id_method`, `id_uti`, `types`, `details`, `date`) VALUES
(1, 14, 'mobile_money', '[\"777\",\"555\",\"jjhhjhh\"]', '2025-07-28 16:44:25'),
(2, 22, 'mobile_money', '[\"44842840\",\"Lbn\",\"Ola\"]', '2025-08-09 23:28:08');

-- --------------------------------------------------------

--
-- Structure de la table `notification`
--

DROP TABLE IF EXISTS `notification`;
CREATE TABLE IF NOT EXISTS `notification` (
  `id_notif` int(11) NOT NULL AUTO_INCREMENT,
  `id_uti` int(11) NOT NULL,
  `id_rec` int(11) DEFAULT NULL,
  `message` varchar(200) NOT NULL,
  `type` varchar(200) NOT NULL DEFAULT 'info',
  `date` timestamp NOT NULL DEFAULT CURRENT_TIMESTAMP,
  PRIMARY KEY (`id_notif`),
  KEY `id_uti` (`id_uti`)
) ENGINE=MyISAM AUTO_INCREMENT=768 DEFAULT CHARSET=utf8;

--
-- Déchargement des données de la table `notification`
--

INSERT INTO `notification` (`id_notif`, `id_uti`, `id_rec`, `message`, `type`, `date`) VALUES
(1, 14, 1, 'Modification du mode de cotisation pour la récompense', '', '2025-07-28 09:17:53'),
(2, 14, 2, 'Mise à jour de la récompense', '', '2025-07-28 10:19:50'),
(3, 14, 1, 'Nouvelle récompense ajouter.', '', '2025-07-28 13:33:06'),
(4, 14, NULL, 'Nouvelle méthode de paiement ajouter.', '', '2025-07-28 13:40:36'),
(5, 14, NULL, 'Nouvelle méthode de paiement ajouter.', '', '2025-07-28 13:53:06'),
(6, 14, NULL, 'Nouvelle méthode de paiement ajouter.', '', '2025-07-28 13:54:00'),
(7, 14, NULL, 'Un moyen de paiement a été supprimé', '', '2025-07-28 13:54:06'),
(8, 14, NULL, 'Profile mis a jour', '', '2025-07-28 13:59:30'),
(9, 14, 1, 'Nouvelle récompense ajouter.', '', '2025-07-28 15:52:29'),
(10, 14, 1, 'Nouvelle récompense ajouter.', '', '2025-07-28 15:52:29'),
(11, 14, 1, 'Nouvelle récompense ajouter.', '', '2025-07-28 16:19:54'),
(12, 14, 2, 'Nouvelle récompense ajoutée.', '', '2025-07-28 16:41:30'),
(13, 14, 3, 'Nouvelle récompense ajoutée.', '', '2025-07-28 16:43:54'),
(14, 14, NULL, 'Nouvelle méthode de paiement ajouter.', '', '2025-07-28 16:44:25'),
(15, 14, 3, 'Modification du mode de cotisation pour la récompense', '', '2025-07-28 16:45:41'),
(16, 14, NULL, 'test', '', '2025-07-29 07:49:38'),
(17, 14, NULL, 'test-2', '', '2025-07-29 07:53:57'),
(18, 14, NULL, 'test-3', '', '2025-07-29 07:53:57'),
(19, 14, 2, 'Mise à jour de la récompense', '', '2025-07-29 08:01:56'),
(20, 14, 1, 'Nouvelle récompense ajoutée.', '', '2025-07-29 08:02:32'),
(21, 14, 3, 'Mise à jour de la récompense', '', '2025-07-29 08:02:43'),
(22, 14, 1, 'Mise à jour de la récompense', '', '2025-07-29 09:33:10'),
(23, 14, 1, 'Mise à jour de la récompense', '', '2025-07-29 09:33:10'),
(24, 14, 2, 'Mise à jour de la récompense', '', '2025-07-29 09:33:31'),
(25, 14, 3, 'Mise à jour de la récompense', '', '2025-07-29 09:33:52'),
(26, 14, 2, 'Mise à jour de la récompense', '', '2025-07-29 09:35:20'),
(27, 14, 3, 'Mise à jour de la récompense', '', '2025-07-29 09:44:32'),
(28, 14, 2, 'Mise à jour de la récompense', '', '2025-07-29 09:45:32'),
(29, 14, 3, 'Mise à jour de la récompense', '', '2025-07-29 09:45:40'),
(30, 14, 2, 'Mise à jour de la récompense', '', '2025-07-29 10:24:09'),
(31, 14, 3, 'Mise à jour de la récompense', '', '2025-07-29 10:32:28'),
(32, 14, 2, 'Mise à jour de la récompense', '', '2025-07-29 10:32:57'),
(33, 14, 3, 'Mise à jour de la récompense', '', '2025-07-29 10:37:28'),
(34, 14, 2, 'Mise à jour de la récompense', '', '2025-07-29 10:37:47'),
(35, 14, 3, 'Mise à jour de la récompense', '', '2025-07-29 10:38:31'),
(36, 14, 2, 'Mise à jour de la récompense', '', '2025-07-29 11:53:48'),
(37, 14, 1, 'Mise à jour de la récompense', '', '2025-07-29 11:59:44'),
(38, 14, 2, 'Mise à jour de la récompense', '', '2025-07-29 14:16:57'),
(39, 14, 3, 'Mise à jour de la récompense', '', '2025-07-29 14:18:06'),
(40, 14, 2, 'Mise à jour de la récompense', '', '2025-07-29 14:18:34'),
(41, 14, 3, 'Mise à jour de la récompense', '', '2025-07-29 14:20:05'),
(42, 14, 1, 'Nouvelle échéance programmée pour le 29/07/2025', '', '2025-07-29 15:37:36'),
(43, 14, 1, 'Nouvelle échéance programmée pour le 05/08/2025', '', '2025-07-29 15:37:36'),
(44, 14, 1, 'Nouvelle échéance programmée pour le 12/08/2025', '', '2025-07-29 15:37:36'),
(45, 14, 1, 'Nouvelle échéance programmée pour le 19/08/2025', '', '2025-07-29 15:37:36'),
(46, 14, 1, 'Nouvelle échéance programmée pour le 26/08/2025', '', '2025-07-29 15:37:36'),
(47, 14, 1, 'Nouvelle échéance programmée pour le 02/09/2025', '', '2025-07-29 15:37:36'),
(48, 14, 1, 'Nouvelle échéance programmée pour le 09/09/2025', '', '2025-07-29 15:37:36'),
(49, 14, 1, 'Nouvelle échéance programmée pour le 16/09/2025', '', '2025-07-29 15:37:36'),
(50, 14, 3, 'Mise à jour de la récompense', '', '2025-07-29 15:39:19'),
(51, 14, 2, 'Nouvelle récompense ajoutée.', '', '2025-07-29 15:43:57'),
(52, 14, 2, 'Nouvelle récompense ajoutée.', '', '2025-07-29 15:43:57'),
(53, 14, 2, 'Nouvelle récompense ajoutée.', '', '2025-07-29 15:43:57'),
(54, 14, 2, 'Nouvelle récompense ajoutée.', '', '2025-07-29 15:43:57'),
(55, 14, 2, 'Nouvelle récompense ajoutée.', '', '2025-07-29 15:43:57'),
(56, 14, 2, 'Nouvelle récompense ajoutée.', '', '2025-07-29 15:43:57'),
(57, 14, 2, 'Nouvelle récompense ajoutée.', '', '2025-07-29 15:43:57'),
(58, 14, 2, 'Nouvelle récompense ajoutée.', '', '2025-07-29 15:43:57'),
(59, 14, 2, 'Nouvelle récompense ajoutée.', '', '2025-07-29 15:43:57'),
(60, 14, 2, 'Nouvelle récompense ajoutée.', '', '2025-07-29 15:43:57'),
(61, 14, 2, 'Nouvelle récompense ajoutée.', '', '2025-07-29 15:43:57'),
(62, 14, 2, 'Nouvelle récompense ajoutée.', '', '2025-07-29 15:43:57'),
(63, 14, 2, 'Nouvelle récompense ajoutée.', '', '2025-07-29 15:43:57'),
(64, 14, 2, 'Nouvelle récompense ajoutée.', '', '2025-07-29 15:43:57'),
(65, 14, 2, 'Nouvelle récompense ajoutée.', '', '2025-07-29 15:43:57'),
(66, 14, 2, 'Nouvelle récompense ajoutée.', '', '2025-07-29 15:43:57'),
(67, 14, 2, 'Nouvelle récompense ajoutée.', '', '2025-07-29 15:43:57'),
(68, 14, 2, 'Nouvelle récompense ajoutée.', '', '2025-07-29 15:43:57'),
(69, 14, 2, 'Nouvelle récompense ajoutée.', '', '2025-07-29 15:44:07'),
(70, 14, 2, 'Nouvelle récompense ajoutée.', '', '2025-07-29 15:44:07'),
(71, 14, 2, 'Nouvelle récompense ajoutée.', '', '2025-07-29 15:44:07'),
(72, 14, 2, 'Nouvelle récompense ajoutée.', '', '2025-07-29 15:44:07'),
(73, 14, 2, 'Nouvelle récompense ajoutée.', '', '2025-07-29 15:44:07'),
(74, 14, 2, 'Nouvelle récompense ajoutée.', '', '2025-07-29 15:44:07'),
(75, 14, 2, 'Nouvelle récompense ajoutée.', '', '2025-07-29 15:44:07'),
(76, 14, 2, 'Nouvelle récompense ajoutée.', '', '2025-07-29 15:44:07'),
(77, 14, 2, 'Nouvelle récompense ajoutée.', '', '2025-07-29 15:44:07'),
(78, 14, 2, 'Nouvelle récompense ajoutée.', '', '2025-07-29 15:44:07'),
(79, 14, 2, 'Nouvelle récompense ajoutée.', '', '2025-07-29 15:44:07'),
(80, 14, 2, 'Nouvelle récompense ajoutée.', '', '2025-07-29 15:44:07'),
(81, 14, 2, 'Nouvelle récompense ajoutée.', '', '2025-07-29 15:44:07'),
(82, 14, 2, 'Nouvelle récompense ajoutée.', '', '2025-07-29 15:44:07'),
(83, 14, 2, 'Nouvelle récompense ajoutée.', '', '2025-07-29 15:44:07'),
(84, 14, 2, 'Nouvelle récompense ajoutée.', '', '2025-07-29 15:44:07'),
(85, 14, 2, 'Nouvelle récompense ajoutée.', '', '2025-07-29 15:44:07'),
(86, 14, 2, 'Nouvelle récompense ajoutée.', '', '2025-07-29 15:44:07'),
(87, 14, 2, 'Nouvelle récompense ajoutée.', '', '2025-07-29 15:44:18'),
(88, 14, 2, 'Nouvelle récompense ajoutée.', '', '2025-07-29 15:44:18'),
(89, 14, 2, 'Nouvelle récompense ajoutée.', '', '2025-07-29 15:44:18'),
(90, 14, 2, 'Nouvelle récompense ajoutée.', '', '2025-07-29 15:44:18'),
(91, 14, 2, 'Nouvelle récompense ajoutée.', '', '2025-07-29 15:44:18'),
(92, 14, 2, 'Nouvelle récompense ajoutée.', '', '2025-07-29 15:44:18'),
(93, 14, 2, 'Nouvelle récompense ajoutée.', '', '2025-07-29 15:44:18'),
(94, 14, 2, 'Nouvelle récompense ajoutée.', '', '2025-07-29 15:44:18'),
(95, 14, 2, 'Nouvelle récompense ajoutée.', '', '2025-07-29 15:44:18'),
(96, 14, 2, 'Nouvelle récompense ajoutée.', '', '2025-07-29 15:44:18'),
(97, 14, 2, 'Nouvelle récompense ajoutée.', '', '2025-07-29 15:44:18'),
(98, 14, 2, 'Nouvelle récompense ajoutée.', '', '2025-07-29 15:44:18'),
(99, 14, 2, 'Nouvelle récompense ajoutée.', '', '2025-07-29 15:44:18'),
(100, 14, 2, 'Nouvelle récompense ajoutée.', '', '2025-07-29 15:44:18'),
(101, 14, 2, 'Nouvelle récompense ajoutée.', '', '2025-07-29 15:44:18'),
(102, 14, 2, 'Nouvelle récompense ajoutée.', '', '2025-07-29 15:44:18'),
(103, 14, 2, 'Nouvelle récompense ajoutée.', '', '2025-07-29 15:44:18'),
(104, 14, 2, 'Nouvelle récompense ajoutée.', '', '2025-07-29 15:44:18'),
(105, 14, 1, 'Nouvelle récompense ajoutée.', '', '2025-07-29 16:03:05'),
(106, 14, 1, 'Nouvelle récompense ajoutée.', '', '2025-07-29 16:03:05'),
(107, 14, 1, 'Nouvelle récompense ajoutée.', '', '2025-07-29 16:03:05'),
(108, 14, 1, 'Nouvelle récompense ajoutée.', '', '2025-07-29 16:03:05'),
(109, 14, 1, 'Nouvelle récompense ajoutée.', '', '2025-07-29 16:03:05'),
(110, 14, 1, 'Nouvelle récompense ajoutée.', '', '2025-07-29 16:03:05'),
(111, 14, 1, 'Nouvelle récompense ajoutée.', '', '2025-07-29 16:03:05'),
(112, 14, 1, 'Nouvelle récompense ajoutée.', '', '2025-07-29 16:03:05'),
(113, 14, 1, 'Nouvelle récompense ajoutée.', '', '2025-07-29 16:03:05'),
(114, 14, 1, 'Nouvelle récompense ajoutée.', '', '2025-07-29 16:03:05'),
(115, 14, 1, 'Nouvelle récompense ajoutée.', '', '2025-07-29 16:03:05'),
(116, 14, 1, 'Nouvelle récompense ajoutée.', '', '2025-07-29 16:03:05'),
(117, 14, 1, 'Nouvelle récompense ajoutée.', '', '2025-07-29 16:03:05'),
(118, 14, 1, 'Nouvelle récompense ajoutée.', '', '2025-07-29 16:03:05'),
(119, 14, 1, 'Nouvelle récompense ajoutée.', '', '2025-07-29 16:03:05'),
(120, 14, 1, 'Nouvelle récompense ajoutée.', '', '2025-07-29 16:03:05'),
(121, 14, 1, 'Nouvelle récompense ajoutée.', '', '2025-07-29 16:03:05'),
(122, 14, 1, 'Nouvelle récompense ajoutée.', '', '2025-07-29 16:03:05'),
(123, 14, 1, 'Nouvelle récompense ajoutée.', '', '2025-07-29 16:03:05'),
(124, 14, 1, 'Nouvelle récompense ajoutée.', '', '2025-07-29 16:03:05'),
(125, 14, 1, 'Nouvelle récompense ajoutée.', '', '2025-07-29 16:03:05'),
(126, 14, 1, 'Nouvelle récompense ajoutée.', '', '2025-07-29 16:03:05'),
(127, 14, 1, 'Nouvelle récompense ajoutée.', '', '2025-07-29 16:03:05'),
(128, 14, 1, 'Nouvelle récompense ajoutée.', '', '2025-07-29 16:03:05'),
(129, 14, 1, 'Nouvelle récompense ajoutée.', '', '2025-07-29 16:03:05'),
(130, 14, 1, 'Nouvelle récompense ajoutée.', '', '2025-07-29 16:03:05'),
(131, 14, 1, 'Nouvelle récompense ajoutée.', '', '2025-07-29 16:03:05'),
(132, 14, 1, 'Nouvelle récompense ajoutée.', '', '2025-07-29 16:03:05'),
(133, 14, 1, 'Nouvelle récompense ajoutée.', '', '2025-07-29 16:03:05'),
(134, 14, 1, 'Nouvelle récompense ajoutée.', '', '2025-07-29 16:03:05'),
(135, 14, 1, 'Nouvelle récompense ajoutée.', '', '2025-07-29 16:03:05'),
(136, 14, 1, 'Nouvelle récompense ajoutée.', '', '2025-07-29 16:03:05'),
(137, 14, 1, 'Nouvelle récompense ajoutée.', '', '2025-07-29 16:03:05'),
(138, 14, 1, 'Nouvelle récompense ajoutée.', '', '2025-07-29 16:03:05'),
(139, 14, 1, 'Nouvelle récompense ajoutée.', '', '2025-07-29 16:03:05'),
(140, 14, 1, 'Nouvelle récompense ajoutée.', '', '2025-07-29 16:03:05'),
(141, 14, 1, 'Nouvelle récompense ajoutée.', '', '2025-07-29 16:03:05'),
(142, 14, 1, 'Nouvelle récompense ajoutée.', '', '2025-07-29 16:03:05'),
(143, 14, 1, 'Nouvelle récompense ajoutée.', '', '2025-07-29 16:03:05'),
(144, 14, 1, 'Nouvelle récompense ajoutée.', '', '2025-07-29 16:03:05'),
(145, 14, 1, 'Nouvelle récompense ajoutée.', '', '2025-07-29 16:03:05'),
(146, 14, 1, 'Nouvelle récompense ajoutée.', '', '2025-07-29 16:03:05'),
(147, 14, 1, 'Nouvelle récompense ajoutée.', '', '2025-07-29 16:03:05'),
(148, 14, 1, 'Nouvelle récompense ajoutée.', '', '2025-07-29 16:03:05'),
(149, 14, 1, 'Nouvelle récompense ajoutée.', '', '2025-07-29 16:03:05'),
(150, 14, 1, 'Nouvelle récompense ajoutée.', '', '2025-07-29 16:03:05'),
(151, 14, 1, 'Nouvelle récompense ajoutée.', '', '2025-07-29 16:03:05'),
(152, 14, 1, 'Nouvelle récompense ajoutée.', '', '2025-07-29 16:03:05'),
(153, 14, 1, 'Nouvelle récompense ajoutée.', '', '2025-07-29 16:03:05'),
(154, 14, 1, 'Nouvelle récompense ajoutée.', '', '2025-07-29 16:03:05'),
(155, 14, 1, 'Nouvelle récompense ajoutée.', '', '2025-07-29 16:03:05'),
(156, 14, 1, 'Nouvelle récompense ajoutée.', '', '2025-07-29 16:03:05'),
(157, 14, 1, 'Nouvelle récompense ajoutée.', '', '2025-07-29 16:03:05'),
(158, 14, 1, 'Nouvelle récompense ajoutée.', '', '2025-07-29 16:03:05'),
(159, 14, 1, 'Nouvelle récompense ajoutée.', '', '2025-07-29 16:03:05'),
(160, 14, 1, 'Nouvelle récompense ajoutée.', '', '2025-07-29 16:03:05'),
(161, 14, 1, 'Nouvelle récompense ajoutée.', '', '2025-07-29 16:03:05'),
(162, 14, 1, 'Nouvelle récompense ajoutée.', '', '2025-07-29 16:03:05'),
(163, 14, 1, 'Nouvelle récompense ajoutée.', '', '2025-07-29 16:03:05'),
(164, 14, 1, 'Nouvelle récompense ajoutée.', '', '2025-07-29 16:03:05'),
(165, 14, 1, 'Nouvelle récompense ajoutée.', '', '2025-07-29 16:03:05'),
(166, 14, 1, 'Nouvelle récompense ajoutée.', '', '2025-07-29 16:03:05'),
(167, 14, 1, 'Nouvelle récompense ajoutée.', '', '2025-07-29 16:03:05'),
(168, 14, 1, 'Nouvelle récompense ajoutée.', '', '2025-07-29 16:03:05'),
(169, 14, 1, 'Nouvelle récompense ajoutée.', '', '2025-07-29 16:03:05'),
(170, 14, 1, 'Nouvelle récompense ajoutée.', '', '2025-07-29 16:03:05'),
(171, 14, 1, 'Nouvelle récompense ajoutée.', '', '2025-07-29 16:03:05'),
(172, 14, 1, 'Nouvelle récompense ajoutée.', '', '2025-07-29 16:03:05'),
(173, 14, 1, 'Nouvelle récompense ajoutée.', '', '2025-07-29 16:03:05'),
(174, 14, 1, 'Nouvelle récompense ajoutée.', '', '2025-07-29 16:03:05'),
(175, 14, 1, 'Nouvelle récompense ajoutée.', '', '2025-07-29 16:03:05'),
(176, 14, 1, 'Nouvelle récompense ajoutée.', '', '2025-07-29 16:03:05'),
(177, 14, 1, 'Nouvelle récompense ajoutée.', '', '2025-07-29 16:03:05'),
(178, 14, 1, 'Nouvelle récompense ajoutée.', '', '2025-07-29 16:03:05'),
(179, 14, 1, 'Nouvelle récompense ajoutée.', '', '2025-07-29 16:03:05'),
(180, 14, 1, 'Nouvelle récompense ajoutée.', '', '2025-07-29 16:03:05'),
(181, 14, 1, 'Nouvelle récompense ajoutée.', '', '2025-07-29 16:03:05'),
(182, 14, 1, 'Nouvelle récompense ajoutée.', '', '2025-07-29 16:03:05'),
(183, 14, 1, 'Nouvelle récompense ajoutée.', '', '2025-07-29 16:03:05'),
(184, 14, 1, 'Nouvelle récompense ajoutée.', '', '2025-07-29 16:03:05'),
(185, 14, 1, 'Nouvelle récompense ajoutée.', '', '2025-07-29 16:03:05'),
(186, 14, 1, 'Nouvelle récompense ajoutée.', '', '2025-07-29 16:03:05'),
(187, 14, 1, 'Nouvelle récompense ajoutée.', '', '2025-07-29 16:03:05'),
(188, 14, 1, 'Nouvelle récompense ajoutée.', '', '2025-07-29 16:03:05'),
(189, 14, 1, 'Nouvelle récompense ajoutée.', '', '2025-07-29 16:03:05'),
(190, 14, 1, 'Nouvelle récompense ajoutée.', '', '2025-07-29 16:03:05'),
(191, 14, 1, 'Nouvelle récompense ajoutée.', '', '2025-07-29 16:03:05'),
(192, 14, 1, 'Nouvelle récompense ajoutée.', '', '2025-07-29 16:03:05'),
(193, 14, 1, 'Nouvelle récompense ajoutée.', '', '2025-07-29 16:03:05'),
(194, 14, 1, 'Nouvelle récompense ajoutée.', '', '2025-07-29 16:03:05'),
(195, 14, 1, 'Nouvelle récompense ajoutée.', '', '2025-07-29 16:03:05'),
(196, 14, 1, 'Nouvelle récompense ajoutée.', '', '2025-07-29 16:03:05'),
(197, 14, 1, 'Nouvelle récompense ajoutée.', '', '2025-07-29 16:03:05'),
(198, 14, 1, 'Nouvelle récompense ajoutée.', '', '2025-07-29 16:03:05'),
(199, 14, 1, 'Nouvelle récompense ajoutée.', '', '2025-07-29 16:03:05'),
(200, 14, 1, 'Nouvelle récompense ajoutée.', '', '2025-07-29 16:03:05'),
(201, 14, 1, 'Nouvelle récompense ajoutée.', '', '2025-07-29 16:03:05'),
(202, 14, 1, 'Nouvelle récompense ajoutée.', '', '2025-07-29 16:03:05'),
(203, 14, 1, 'Nouvelle récompense ajoutée.', '', '2025-07-29 16:03:05'),
(204, 14, 1, 'Nouvelle récompense ajoutée.', '', '2025-07-29 16:03:05'),
(205, 14, 1, 'Nouvelle récompense ajoutée.', '', '2025-07-29 16:03:05'),
(206, 14, 1, 'Nouvelle récompense ajoutée.', '', '2025-07-29 16:03:05'),
(207, 14, 1, 'Nouvelle récompense ajoutée.', '', '2025-07-29 16:03:05'),
(208, 14, 1, 'Nouvelle récompense ajoutée.', '', '2025-07-29 16:03:05'),
(209, 14, 1, 'Nouvelle récompense ajoutée.', '', '2025-07-29 16:03:05'),
(210, 14, 1, 'Nouvelle récompense ajoutée.', '', '2025-07-29 16:03:05'),
(211, 14, 1, 'Nouvelle récompense ajoutée.', '', '2025-07-29 16:03:05'),
(212, 14, 1, 'Nouvelle récompense ajoutée.', '', '2025-07-29 16:03:05'),
(213, 14, 1, 'Nouvelle récompense ajoutée.', '', '2025-07-29 16:03:05'),
(214, 14, 1, 'Nouvelle récompense ajoutée.', '', '2025-07-29 16:03:05'),
(215, 14, 1, 'Nouvelle récompense ajoutée.', '', '2025-07-29 16:03:05'),
(216, 14, 1, 'Nouvelle récompense ajoutée.', '', '2025-07-29 16:03:05'),
(217, 14, 1, 'Nouvelle récompense ajoutée.', '', '2025-07-29 16:03:05'),
(218, 14, 1, 'Nouvelle récompense ajoutée.', '', '2025-07-29 16:03:05'),
(219, 14, 1, 'Nouvelle récompense ajoutée.', '', '2025-07-29 16:03:05'),
(220, 14, 1, 'Nouvelle récompense ajoutée.', '', '2025-07-29 16:03:05'),
(221, 14, 1, 'Nouvelle récompense ajoutée.', '', '2025-07-29 16:03:05'),
(222, 14, 1, 'Nouvelle récompense ajoutée.', '', '2025-07-29 16:03:05'),
(223, 14, 1, 'Nouvelle récompense ajoutée.', '', '2025-07-29 16:03:05'),
(224, 14, 1, 'Nouvelle récompense ajoutée.', '', '2025-07-29 16:03:05'),
(225, 14, 1, 'Nouvelle récompense ajoutée.', '', '2025-07-29 16:03:05'),
(226, 14, 1, 'Nouvelle récompense ajoutée.', '', '2025-07-29 16:03:05'),
(227, 14, 1, 'Nouvelle récompense ajoutée.', '', '2025-07-29 16:03:05'),
(228, 14, 1, 'Nouvelle récompense ajoutée.', '', '2025-07-29 16:03:05'),
(229, 14, 1, 'Nouvelle récompense ajoutée.', '', '2025-07-29 16:03:05'),
(230, 14, 1, 'Nouvelle récompense ajoutée.', '', '2025-07-29 16:03:05'),
(231, 14, 1, 'Nouvelle récompense ajoutée.', '', '2025-07-29 16:03:05'),
(232, 14, 1, 'Nouvelle récompense ajoutée.', '', '2025-07-29 16:03:05'),
(233, 14, 1, 'Nouvelle récompense ajoutée.', '', '2025-07-29 16:03:05'),
(234, 14, 1, 'Nouvelle récompense ajoutée.', '', '2025-07-29 16:03:05'),
(235, 14, 1, 'Nouvelle récompense ajoutée.', '', '2025-07-29 16:03:05'),
(236, 14, 1, 'Nouvelle récompense ajoutée.', '', '2025-07-29 16:03:05'),
(237, 14, 1, 'Nouvelle récompense ajoutée.', '', '2025-07-29 16:03:05'),
(238, 14, 1, 'Nouvelle récompense ajoutée.', '', '2025-07-29 16:03:05'),
(239, 14, 1, 'Nouvelle récompense ajoutée.', '', '2025-07-29 16:03:05'),
(240, 14, 1, 'Nouvelle récompense ajoutée.', '', '2025-07-29 16:03:05'),
(241, 14, 1, 'Nouvelle récompense ajoutée.', '', '2025-07-29 16:03:05'),
(242, 14, 1, 'Nouvelle récompense ajoutée.', '', '2025-07-29 16:03:05'),
(243, 14, 1, 'Nouvelle récompense ajoutée.', '', '2025-07-29 16:03:05'),
(244, 14, 1, 'Nouvelle récompense ajoutée.', '', '2025-07-29 16:03:05'),
(245, 14, 1, 'Nouvelle récompense ajoutée.', '', '2025-07-29 16:03:05'),
(246, 14, 1, 'Nouvelle récompense ajoutée.', '', '2025-07-29 16:03:05'),
(247, 14, 1, 'Nouvelle récompense ajoutée.', '', '2025-07-29 16:03:05'),
(248, 14, 1, 'Nouvelle récompense ajoutée.', '', '2025-07-29 16:03:05'),
(249, 14, 1, 'Nouvelle récompense ajoutée.', '', '2025-07-29 16:03:05'),
(250, 14, 1, 'Nouvelle récompense ajoutée.', '', '2025-07-29 16:03:05'),
(251, 14, 1, 'Nouvelle récompense ajoutée.', '', '2025-07-29 16:03:05'),
(252, 14, 1, 'Nouvelle récompense ajoutée.', '', '2025-07-29 16:03:05'),
(253, 14, 1, 'Nouvelle récompense ajoutée.', '', '2025-07-29 16:03:05'),
(254, 14, 1, 'Nouvelle récompense ajoutée.', '', '2025-07-29 16:03:05'),
(255, 14, 1, 'Nouvelle récompense ajoutée.', '', '2025-07-29 16:03:05'),
(256, 14, 1, 'Nouvelle récompense ajoutée.', '', '2025-07-29 16:03:05'),
(257, 14, 1, 'Nouvelle récompense ajoutée.', '', '2025-07-29 16:03:05'),
(258, 14, 1, 'Nouvelle récompense ajoutée.', '', '2025-07-29 16:03:05'),
(259, 14, 1, 'Nouvelle récompense ajoutée.', '', '2025-07-29 16:03:05'),
(260, 14, 1, 'Nouvelle récompense ajoutée.', '', '2025-07-29 16:03:05'),
(261, 14, 1, 'Nouvelle récompense ajoutée.', '', '2025-07-29 16:03:05'),
(262, 14, 1, 'Nouvelle récompense ajoutée.', '', '2025-07-29 16:03:05'),
(263, 14, 1, 'Nouvelle récompense ajoutée.', '', '2025-07-29 16:03:05'),
(264, 14, 1, 'Nouvelle récompense ajoutée.', '', '2025-07-29 16:03:05'),
(265, 14, 1, 'Nouvelle récompense ajoutée.', '', '2025-07-29 16:03:05'),
(266, 14, 1, 'Nouvelle récompense ajoutée.', '', '2025-07-29 16:03:05'),
(267, 14, 1, 'Nouvelle récompense ajoutée.', '', '2025-07-29 16:03:05'),
(268, 14, 1, 'Nouvelle récompense ajoutée.', '', '2025-07-29 16:03:05'),
(269, 14, 1, 'Nouvelle récompense ajoutée.', '', '2025-07-29 16:03:05'),
(270, 14, 1, 'Nouvelle récompense ajoutée.', '', '2025-07-29 16:03:05'),
(271, 14, 1, 'Nouvelle récompense ajoutée.', '', '2025-07-29 16:03:05'),
(272, 14, 1, 'Nouvelle récompense ajoutée.', '', '2025-07-29 16:03:05'),
(273, 14, 1, 'Nouvelle récompense ajoutée.', '', '2025-07-29 16:03:05'),
(274, 14, 1, 'Nouvelle récompense ajoutée.', '', '2025-07-29 16:03:05'),
(275, 14, 1, 'Nouvelle récompense ajoutée.', '', '2025-07-29 16:03:05'),
(276, 14, 1, 'Nouvelle récompense ajoutée.', '', '2025-07-29 16:03:05'),
(277, 14, 1, 'Nouvelle récompense ajoutée.', '', '2025-07-29 16:03:05'),
(278, 14, 1, 'Nouvelle récompense ajoutée.', '', '2025-07-29 16:03:05'),
(279, 14, 1, 'Nouvelle récompense ajoutée.', '', '2025-07-29 16:03:05'),
(280, 14, 1, 'Nouvelle récompense ajoutée.', '', '2025-07-29 16:03:05'),
(281, 14, 1, 'Nouvelle récompense ajoutée.', '', '2025-07-29 16:03:05'),
(282, 14, 1, 'Nouvelle récompense ajoutée.', '', '2025-07-29 16:03:05'),
(283, 14, 1, 'Nouvelle récompense ajoutée.', '', '2025-07-29 16:03:05'),
(284, 14, 1, 'Nouvelle récompense ajoutée.', '', '2025-07-29 16:03:05'),
(285, 14, 1, 'Nouvelle récompense ajoutée.', '', '2025-07-29 16:03:05'),
(286, 14, 1, 'Nouvelle récompense ajoutée.', '', '2025-07-29 16:03:05'),
(287, 14, 1, 'Nouvelle récompense ajoutée.', '', '2025-07-29 16:03:05'),
(288, 14, 1, 'Nouvelle récompense ajoutée.', '', '2025-07-29 16:03:05'),
(289, 14, 1, 'Nouvelle récompense ajoutée.', '', '2025-07-29 16:03:05'),
(290, 14, 1, 'Nouvelle récompense ajoutée.', '', '2025-07-29 16:03:05'),
(291, 14, 1, 'Nouvelle récompense ajoutée.', '', '2025-07-29 16:03:05'),
(292, 14, 1, 'Nouvelle récompense ajoutée.', '', '2025-07-29 16:03:05'),
(293, 14, 1, 'Nouvelle récompense ajoutée.', '', '2025-07-29 16:03:05'),
(294, 14, 1, 'Nouvelle récompense ajoutée.', '', '2025-07-29 16:03:05'),
(295, 14, 1, 'Nouvelle récompense ajoutée.', '', '2025-07-29 16:03:05'),
(296, 14, 1, 'Nouvelle récompense ajoutée.', '', '2025-07-29 16:03:05'),
(297, 14, 1, 'Nouvelle récompense ajoutée.', '', '2025-07-29 16:03:05'),
(298, 14, 1, 'Nouvelle récompense ajoutée.', '', '2025-07-29 16:03:05'),
(299, 14, 1, 'Nouvelle récompense ajoutée.', '', '2025-07-29 16:03:05'),
(300, 14, 1, 'Nouvelle récompense ajoutée.', '', '2025-07-29 16:03:05'),
(301, 14, 1, 'Nouvelle récompense ajoutée.', '', '2025-07-29 16:03:05'),
(302, 14, 1, 'Nouvelle récompense ajoutée.', '', '2025-07-29 16:03:05'),
(303, 14, 1, 'Nouvelle récompense ajoutée.', '', '2025-07-29 16:03:05'),
(304, 14, 1, 'Nouvelle récompense ajoutée.', '', '2025-07-29 16:03:05'),
(305, 14, 1, 'Nouvelle récompense ajoutée.', '', '2025-07-29 16:03:05'),
(306, 14, 1, 'Nouvelle récompense ajoutée.', '', '2025-07-29 16:03:05'),
(307, 14, 1, 'Nouvelle récompense ajoutée.', '', '2025-07-29 16:03:05'),
(308, 14, 1, 'Nouvelle récompense ajoutée.', '', '2025-07-29 16:03:05'),
(309, 14, 1, 'Nouvelle récompense ajoutée.', '', '2025-07-29 16:03:05'),
(310, 14, 1, 'Nouvelle récompense ajoutée.', '', '2025-07-29 16:03:05'),
(311, 14, 1, 'Nouvelle récompense ajoutée.', '', '2025-07-29 16:03:05'),
(312, 14, 1, 'Nouvelle récompense ajoutée.', '', '2025-07-29 16:03:05'),
(313, 14, 1, 'Nouvelle récompense ajoutée.', '', '2025-07-29 16:03:05'),
(314, 14, 1, 'Nouvelle récompense ajoutée.', '', '2025-07-29 16:03:05'),
(315, 14, 1, 'Nouvelle récompense ajoutée.', '', '2025-07-29 16:03:05'),
(316, 14, 1, 'Nouvelle récompense ajoutée.', '', '2025-07-29 16:03:05'),
(317, 14, 1, 'Nouvelle récompense ajoutée.', '', '2025-07-29 16:03:05'),
(318, 14, 1, 'Nouvelle récompense ajoutée.', '', '2025-07-29 16:03:05'),
(319, 14, 1, 'Nouvelle récompense ajoutée.', '', '2025-07-29 16:03:05'),
(320, 14, 1, 'Nouvelle récompense ajoutée.', '', '2025-07-29 16:03:05'),
(321, 14, 1, 'Nouvelle récompense ajoutée.', '', '2025-07-29 16:03:05'),
(322, 14, 1, 'Nouvelle récompense ajoutée.', '', '2025-07-29 16:03:05'),
(323, 14, 1, 'Nouvelle récompense ajoutée.', '', '2025-07-29 16:03:05'),
(324, 14, 1, 'Nouvelle récompense ajoutée.', '', '2025-07-29 16:03:05'),
(325, 14, 1, 'Nouvelle récompense ajoutée.', '', '2025-07-29 16:03:05'),
(326, 14, 1, 'Nouvelle récompense ajoutée.', '', '2025-07-29 16:03:05'),
(327, 14, 1, 'Nouvelle récompense ajoutée.', '', '2025-07-29 16:03:05'),
(328, 14, 1, 'Nouvelle récompense ajoutée.', '', '2025-07-29 16:03:05'),
(329, 14, 1, 'Nouvelle récompense ajoutée.', '', '2025-07-29 16:03:05'),
(330, 14, 1, 'Nouvelle récompense ajoutée.', '', '2025-07-29 16:03:05'),
(331, 14, 1, 'Nouvelle récompense ajoutée.', '', '2025-07-29 16:03:05'),
(332, 14, 1, 'Nouvelle récompense ajoutée.', '', '2025-07-29 16:03:05'),
(333, 14, 1, 'Nouvelle récompense ajoutée.', '', '2025-07-29 16:03:05'),
(334, 14, 1, 'Nouvelle récompense ajoutée.', '', '2025-07-29 16:03:05'),
(335, 14, 1, 'Nouvelle récompense ajoutée.', '', '2025-07-29 16:03:05'),
(336, 14, 1, 'Nouvelle récompense ajoutée.', '', '2025-07-29 16:03:05'),
(337, 14, 1, 'Nouvelle récompense ajoutée.', '', '2025-07-29 16:03:05'),
(338, 14, 1, 'Nouvelle récompense ajoutée.', '', '2025-07-29 16:03:05'),
(339, 14, 1, 'Nouvelle récompense ajoutée.', '', '2025-07-29 16:03:05'),
(340, 14, 1, 'Nouvelle récompense ajoutée.', '', '2025-07-29 16:03:05'),
(341, 14, 1, 'Nouvelle récompense ajoutée.', '', '2025-07-29 16:03:05'),
(342, 14, 1, 'Nouvelle récompense ajoutée.', '', '2025-07-29 16:03:05'),
(343, 14, 1, 'Nouvelle récompense ajoutée.', '', '2025-07-29 16:03:05'),
(344, 14, 1, 'Nouvelle récompense ajoutée.', '', '2025-07-29 16:03:05'),
(345, 14, 1, 'Nouvelle récompense ajoutée.', '', '2025-07-29 16:03:05'),
(346, 14, 1, 'Nouvelle récompense ajoutée.', '', '2025-07-29 16:03:05'),
(347, 14, 1, 'Nouvelle récompense ajoutée.', '', '2025-07-29 16:03:05'),
(348, 14, 1, 'Nouvelle récompense ajoutée.', '', '2025-07-29 16:03:05'),
(349, 14, 1, 'Nouvelle récompense ajoutée.', '', '2025-07-29 16:03:05'),
(350, 14, 1, 'Nouvelle récompense ajoutée.', '', '2025-07-29 16:03:05'),
(351, 14, 1, 'Nouvelle récompense ajoutée.', '', '2025-07-29 16:03:05'),
(352, 14, 1, 'Nouvelle récompense ajoutée.', '', '2025-07-29 16:03:05'),
(353, 14, 1, 'Nouvelle récompense ajoutée.', '', '2025-07-29 16:03:05'),
(354, 14, 1, 'Nouvelle récompense ajoutée.', '', '2025-07-29 16:03:05'),
(355, 14, 1, 'Nouvelle récompense ajoutée.', '', '2025-07-29 16:03:05'),
(356, 14, 1, 'Nouvelle récompense ajoutée.', '', '2025-07-29 16:03:05'),
(357, 14, 1, 'Nouvelle récompense ajoutée.', '', '2025-07-29 16:03:05'),
(358, 14, 1, 'Nouvelle récompense ajoutée.', '', '2025-07-29 16:03:05'),
(359, 14, 1, 'Nouvelle récompense ajoutée.', '', '2025-07-29 16:03:05'),
(360, 14, 1, 'Nouvelle récompense ajoutée.', '', '2025-07-29 16:03:05'),
(361, 14, 1, 'Nouvelle récompense ajoutée.', '', '2025-07-29 16:03:05'),
(362, 14, 1, 'Nouvelle récompense ajoutée.', '', '2025-07-29 16:03:05'),
(363, 14, 1, 'Nouvelle récompense ajoutée.', '', '2025-07-29 16:03:05'),
(364, 14, 1, 'Nouvelle récompense ajoutée.', '', '2025-07-29 16:03:05'),
(365, 14, 1, 'Nouvelle récompense ajoutée.', '', '2025-07-29 16:03:05'),
(366, 14, 1, 'Nouvelle récompense ajoutée.', '', '2025-07-29 16:03:05'),
(367, 14, 1, 'Nouvelle récompense ajoutée.', '', '2025-07-29 16:03:05'),
(368, 14, 1, 'Nouvelle récompense ajoutée.', '', '2025-07-29 16:03:05'),
(369, 14, 1, 'Nouvelle récompense ajoutée.', '', '2025-07-29 16:03:05'),
(370, 14, 1, 'Nouvelle récompense ajoutée.', '', '2025-07-29 16:03:05'),
(371, 14, 1, 'Nouvelle récompense ajoutée.', '', '2025-07-29 16:03:05'),
(372, 14, 1, 'Nouvelle récompense ajoutée.', '', '2025-07-29 16:03:05'),
(373, 14, 1, 'Nouvelle récompense ajoutée.', '', '2025-07-29 16:03:05'),
(374, 14, 1, 'Nouvelle récompense ajoutée.', '', '2025-07-29 16:03:05'),
(375, 14, 1, 'Nouvelle récompense ajoutée.', '', '2025-07-29 16:03:05'),
(376, 14, 1, 'Nouvelle récompense ajoutée.', '', '2025-07-29 16:03:05'),
(377, 14, 1, 'Nouvelle récompense ajoutée.', '', '2025-07-29 16:03:05'),
(378, 14, 1, 'Nouvelle récompense ajoutée.', '', '2025-07-29 16:03:05'),
(379, 14, 1, 'Nouvelle récompense ajoutée.', '', '2025-07-29 16:03:05'),
(380, 14, 1, 'Nouvelle récompense ajoutée.', '', '2025-07-29 16:03:05'),
(381, 14, 1, 'Nouvelle récompense ajoutée.', '', '2025-07-29 16:03:05'),
(382, 14, 1, 'Nouvelle récompense ajoutée.', '', '2025-07-29 16:03:05'),
(383, 14, 1, 'Nouvelle récompense ajoutée.', '', '2025-07-29 16:03:05'),
(384, 14, 1, 'Nouvelle récompense ajoutée.', '', '2025-07-29 16:03:05'),
(385, 14, 1, 'Nouvelle récompense ajoutée.', '', '2025-07-29 16:03:05'),
(386, 14, 1, 'Nouvelle récompense ajoutée.', '', '2025-07-29 16:03:05'),
(387, 14, 1, 'Nouvelle récompense ajoutée.', '', '2025-07-29 16:03:05'),
(388, 14, 1, 'Nouvelle récompense ajoutée.', '', '2025-07-29 16:03:05'),
(389, 14, 1, 'Nouvelle récompense ajoutée.', '', '2025-07-29 16:03:05'),
(390, 14, 1, 'Nouvelle récompense ajoutée.', '', '2025-07-29 16:03:05'),
(391, 14, 1, 'Nouvelle récompense ajoutée.', '', '2025-07-29 16:03:05'),
(392, 14, 1, 'Nouvelle récompense ajoutée.', '', '2025-07-29 16:03:05'),
(393, 14, 1, 'Nouvelle récompense ajoutée.', '', '2025-07-29 16:03:05'),
(394, 14, 1, 'Nouvelle récompense ajoutée.', '', '2025-07-29 16:03:05'),
(395, 14, 1, 'Nouvelle récompense ajoutée.', '', '2025-07-29 16:03:05'),
(396, 14, 1, 'Nouvelle récompense ajoutée.', '', '2025-07-29 16:03:05'),
(397, 14, 1, 'Nouvelle récompense ajoutée.', '', '2025-07-29 16:03:05'),
(398, 14, 1, 'Nouvelle récompense ajoutée.', '', '2025-07-29 16:03:05'),
(399, 14, 1, 'Nouvelle récompense ajoutée.', '', '2025-07-29 16:03:05'),
(400, 14, 1, 'Nouvelle récompense ajoutée.', '', '2025-07-29 16:03:05'),
(401, 14, 1, 'Nouvelle récompense ajoutée.', '', '2025-07-29 16:03:05'),
(402, 14, 1, 'Nouvelle récompense ajoutée.', '', '2025-07-29 16:03:05'),
(403, 14, 1, 'Nouvelle récompense ajoutée.', '', '2025-07-29 16:03:05'),
(404, 14, 1, 'Nouvelle récompense ajoutée.', '', '2025-07-29 16:03:05'),
(405, 14, 1, 'Nouvelle récompense ajoutée.', '', '2025-07-29 16:03:05'),
(406, 14, 1, 'Nouvelle récompense ajoutée.', '', '2025-07-29 16:03:05'),
(407, 14, 1, 'Nouvelle récompense ajoutée.', '', '2025-07-29 16:03:05'),
(408, 14, 1, 'Nouvelle récompense ajoutée.', '', '2025-07-29 16:03:05'),
(409, 14, 1, 'Nouvelle récompense ajoutée.', '', '2025-07-29 16:03:05'),
(410, 14, 1, 'Nouvelle récompense ajoutée.', '', '2025-07-29 16:03:05'),
(411, 14, 1, 'Nouvelle récompense ajoutée.', '', '2025-07-29 16:03:05'),
(412, 14, 1, 'Nouvelle récompense ajoutée.', '', '2025-07-29 16:03:05'),
(413, 14, 1, 'Nouvelle récompense ajoutée.', '', '2025-07-29 16:03:05'),
(414, 14, 1, 'Nouvelle récompense ajoutée.', '', '2025-07-29 16:03:05'),
(415, 14, 1, 'Nouvelle récompense ajoutée.', '', '2025-07-29 16:03:05'),
(416, 14, 1, 'Nouvelle récompense ajoutée.', '', '2025-07-29 16:03:05'),
(417, 14, 1, 'Nouvelle récompense ajoutée.', '', '2025-07-29 16:03:05'),
(418, 14, 1, 'Nouvelle récompense ajoutée.', '', '2025-07-29 16:03:05'),
(419, 14, 1, 'Nouvelle récompense ajoutée.', '', '2025-07-29 16:03:05'),
(420, 14, 1, 'Nouvelle récompense ajoutée.', '', '2025-07-29 16:03:05'),
(421, 14, 1, 'Nouvelle récompense ajoutée.', '', '2025-07-29 16:03:05'),
(422, 14, 1, 'Nouvelle récompense ajoutée.', '', '2025-07-29 16:03:05'),
(423, 14, 1, 'Nouvelle récompense ajoutée.', '', '2025-07-29 16:03:05'),
(424, 14, 1, 'Nouvelle récompense ajoutée.', '', '2025-07-29 16:03:05'),
(425, 14, 1, 'Nouvelle récompense ajoutée.', '', '2025-07-29 16:03:05'),
(426, 14, 1, 'Nouvelle récompense ajoutée.', '', '2025-07-29 16:03:05'),
(427, 14, 1, 'Nouvelle récompense ajoutée.', '', '2025-07-29 16:03:05'),
(428, 14, 1, 'Nouvelle récompense ajoutée.', '', '2025-07-29 16:03:05'),
(429, 14, 1, 'Nouvelle récompense ajoutée.', '', '2025-07-29 16:03:05'),
(430, 14, 1, 'Nouvelle récompense ajoutée.', '', '2025-07-29 16:03:05'),
(431, 14, 1, 'Nouvelle récompense ajoutée.', '', '2025-07-29 16:03:05'),
(432, 14, 1, 'Nouvelle récompense ajoutée.', '', '2025-07-29 16:03:05'),
(433, 14, 1, 'Nouvelle récompense ajoutée.', '', '2025-07-29 16:03:05'),
(434, 14, 1, 'Nouvelle récompense ajoutée.', '', '2025-07-29 16:03:05'),
(435, 14, 1, 'Nouvelle récompense ajoutée.', '', '2025-07-29 16:03:05'),
(436, 14, 1, 'Nouvelle récompense ajoutée.', '', '2025-07-29 16:03:05'),
(437, 14, 1, 'Nouvelle récompense ajoutée.', '', '2025-07-29 16:03:05'),
(438, 14, 1, 'Nouvelle récompense ajoutée.', '', '2025-07-29 16:03:05'),
(439, 14, 1, 'Nouvelle récompense ajoutée.', '', '2025-07-29 16:03:05'),
(440, 14, 1, 'Nouvelle récompense ajoutée.', '', '2025-07-29 16:03:05'),
(441, 14, 1, 'Nouvelle récompense ajoutée.', '', '2025-07-29 16:03:05'),
(442, 14, 1, 'Nouvelle récompense ajoutée.', '', '2025-07-29 16:03:05'),
(443, 14, 1, 'Nouvelle récompense ajoutée.', '', '2025-07-29 16:03:05'),
(444, 14, 1, 'Nouvelle récompense ajoutée.', '', '2025-07-29 16:03:05'),
(445, 14, 1, 'Nouvelle récompense ajoutée.', '', '2025-07-29 16:03:05'),
(446, 14, 1, 'Nouvelle récompense ajoutée.', '', '2025-07-29 16:03:05'),
(447, 14, 1, 'Nouvelle récompense ajoutée.', '', '2025-07-29 16:03:05'),
(448, 14, 1, 'Nouvelle récompense ajoutée.', '', '2025-07-29 16:03:05'),
(449, 14, 1, 'Nouvelle récompense ajoutée.', '', '2025-07-29 16:03:05'),
(450, 14, 1, 'Nouvelle récompense ajoutée.', '', '2025-07-29 16:03:05'),
(451, 14, 1, 'Nouvelle récompense ajoutée.', '', '2025-07-29 16:03:05'),
(452, 14, 1, 'Nouvelle récompense ajoutée.', '', '2025-07-29 16:03:05'),
(453, 14, 1, 'Nouvelle récompense ajoutée.', '', '2025-07-29 16:03:05'),
(454, 14, 1, 'Nouvelle récompense ajoutée.', '', '2025-07-29 16:03:05'),
(455, 14, 1, 'Nouvelle récompense ajoutée.', '', '2025-07-29 16:03:05'),
(456, 14, 1, 'Nouvelle récompense ajoutée.', '', '2025-07-29 16:03:05'),
(457, 14, 1, 'Nouvelle récompense ajoutée.', '', '2025-07-29 16:03:05'),
(458, 14, 1, 'Nouvelle récompense ajoutée.', '', '2025-07-29 16:03:05'),
(459, 14, 1, 'Nouvelle récompense ajoutée.', '', '2025-07-29 16:03:05'),
(460, 14, 1, 'Nouvelle récompense ajoutée.', '', '2025-07-29 16:03:05'),
(461, 14, 1, 'Nouvelle récompense ajoutée.', '', '2025-07-29 16:03:05'),
(462, 14, 1, 'Nouvelle récompense ajoutée.', '', '2025-07-29 16:03:05'),
(463, 14, 1, 'Nouvelle récompense ajoutée.', '', '2025-07-29 16:03:05'),
(464, 14, 1, 'Nouvelle récompense ajoutée.', '', '2025-07-29 16:03:05'),
(465, 14, 1, 'Nouvelle récompense ajoutée.', '', '2025-07-29 16:03:05'),
(466, 14, 1, 'Nouvelle récompense ajoutée.', '', '2025-07-29 16:03:05'),
(467, 14, 1, 'Nouvelle récompense ajoutée.', '', '2025-07-29 16:03:05'),
(468, 14, 1, 'Nouvelle récompense ajoutée.', '', '2025-07-29 16:03:05'),
(469, 14, 1, 'Nouvelle récompense ajoutée.', '', '2025-07-29 16:03:05'),
(470, 14, 1, 'Nouvelle récompense ajoutée.', '', '2025-07-29 16:03:05'),
(471, 14, 1, 'Nouvelle récompense ajoutée.', '', '2025-07-29 16:03:05'),
(472, 14, 1, 'Nouvelle récompense ajoutée.', '', '2025-07-29 16:03:05'),
(473, 14, 1, 'Nouvelle récompense ajoutée.', '', '2025-07-29 16:03:05'),
(474, 14, 1, 'Nouvelle récompense ajoutée.', '', '2025-07-29 16:03:05'),
(475, 14, 1, 'Nouvelle récompense ajoutée.', '', '2025-07-29 16:03:05'),
(476, 14, 1, 'Nouvelle récompense ajoutée.', '', '2025-07-29 16:03:05'),
(477, 14, 1, 'Nouvelle récompense ajoutée.', '', '2025-07-29 16:03:05'),
(478, 14, 1, 'Nouvelle récompense ajoutée.', '', '2025-07-29 16:03:05'),
(479, 14, 1, 'Nouvelle récompense ajoutée.', '', '2025-07-29 16:03:05'),
(480, 14, 1, 'Nouvelle récompense ajoutée.', '', '2025-07-29 16:03:05'),
(481, 14, 1, 'Nouvelle récompense ajoutée.', '', '2025-07-29 16:03:05'),
(482, 14, 1, 'Nouvelle récompense ajoutée.', '', '2025-07-29 16:03:05'),
(483, 14, 1, 'Nouvelle récompense ajoutée.', '', '2025-07-29 16:03:05'),
(484, 14, 1, 'Nouvelle récompense ajoutée.', '', '2025-07-29 16:03:05'),
(485, 14, 1, 'Nouvelle récompense ajoutée.', '', '2025-07-29 16:03:05'),
(486, 14, 1, 'Nouvelle récompense ajoutée.', '', '2025-07-29 16:03:05'),
(487, 14, 1, 'Nouvelle récompense ajoutée.', '', '2025-07-29 16:03:05'),
(488, 14, 1, 'Nouvelle récompense ajoutée.', '', '2025-07-29 16:03:05'),
(489, 14, 1, 'Nouvelle récompense ajoutée.', '', '2025-07-29 16:03:05'),
(490, 14, 1, 'Nouvelle récompense ajoutée.', '', '2025-07-29 16:03:05'),
(491, 14, 1, 'Nouvelle récompense ajoutée.', '', '2025-07-29 16:03:05'),
(492, 14, 1, 'Nouvelle récompense ajoutée.', '', '2025-07-29 16:03:05'),
(493, 14, 1, 'Nouvelle récompense ajoutée.', '', '2025-07-29 16:03:05'),
(494, 14, 1, 'Nouvelle récompense ajoutée.', '', '2025-07-29 16:03:05'),
(495, 14, 1, 'Nouvelle récompense ajoutée.', '', '2025-07-29 16:03:05'),
(496, 14, 1, 'Nouvelle récompense ajoutée.', '', '2025-07-29 16:03:05'),
(497, 14, 1, 'Nouvelle récompense ajoutée.', '', '2025-07-29 16:03:05'),
(498, 14, 1, 'Nouvelle récompense ajoutée.', '', '2025-07-29 16:03:05'),
(499, 14, 1, 'Nouvelle récompense ajoutée.', '', '2025-07-29 16:03:05'),
(500, 14, 1, 'Nouvelle récompense ajoutée.', '', '2025-07-29 16:03:05'),
(501, 14, 1, 'Nouvelle récompense ajoutée.', '', '2025-07-29 16:03:05'),
(502, 14, 1, 'Nouvelle récompense ajoutée.', '', '2025-07-29 16:03:05'),
(503, 14, 1, 'Nouvelle récompense ajoutée.', '', '2025-07-29 16:03:05'),
(504, 14, 1, 'Nouvelle récompense ajoutée.', '', '2025-07-29 16:03:05'),
(505, 14, 1, 'Nouvelle récompense ajoutée.', '', '2025-07-29 16:03:05'),
(506, 14, 1, 'Nouvelle récompense ajoutée.', '', '2025-07-29 16:03:05'),
(507, 14, 1, 'Nouvelle récompense ajoutée.', '', '2025-07-29 16:03:05'),
(508, 14, 1, 'Nouvelle récompense ajoutée.', '', '2025-07-29 16:03:05'),
(509, 14, 1, 'Nouvelle récompense ajoutée.', '', '2025-07-29 16:03:05'),
(510, 14, 1, 'Nouvelle récompense ajoutée.', '', '2025-07-29 16:03:05'),
(511, 14, 1, 'Nouvelle récompense ajoutée.', '', '2025-07-29 16:03:05'),
(512, 14, 1, 'Nouvelle récompense ajoutée.', '', '2025-07-29 16:03:05'),
(513, 14, 1, 'Nouvelle récompense ajoutée.', '', '2025-07-29 16:03:05'),
(514, 14, 1, 'Nouvelle récompense ajoutée.', '', '2025-07-29 16:03:05'),
(515, 14, 1, 'Nouvelle récompense ajoutée.', '', '2025-07-29 16:03:05'),
(516, 14, 1, 'Nouvelle récompense ajoutée.', '', '2025-07-29 16:03:05'),
(517, 14, 1, 'Nouvelle récompense ajoutée.', '', '2025-07-29 16:03:05'),
(518, 14, 1, 'Nouvelle récompense ajoutée.', '', '2025-07-29 16:03:05'),
(519, 14, 1, 'Nouvelle récompense ajoutée.', '', '2025-07-29 16:03:05'),
(520, 14, 1, 'Nouvelle récompense ajoutée.', '', '2025-07-29 16:03:05'),
(521, 14, 1, 'Nouvelle récompense ajoutée.', '', '2025-07-29 16:03:05'),
(522, 14, 1, 'Nouvelle récompense ajoutée.', '', '2025-07-29 16:03:05'),
(523, 14, 1, 'Nouvelle récompense ajoutée.', '', '2025-07-29 16:03:05'),
(524, 14, 1, 'Nouvelle récompense ajoutée.', '', '2025-07-29 16:03:05'),
(525, 14, 1, 'Nouvelle récompense ajoutée.', '', '2025-07-29 16:03:05'),
(526, 14, 1, 'Nouvelle récompense ajoutée.', '', '2025-07-29 16:03:05'),
(527, 14, 1, 'Nouvelle récompense ajoutée.', '', '2025-07-29 16:03:05'),
(528, 14, 1, 'Nouvelle récompense ajoutée.', '', '2025-07-29 16:03:05'),
(529, 14, 1, 'Nouvelle récompense ajoutée.', '', '2025-07-29 16:03:05'),
(530, 14, 1, 'Nouvelle récompense ajoutée.', '', '2025-07-29 16:03:05'),
(531, 14, 1, 'Nouvelle récompense ajoutée.', '', '2025-07-29 16:03:05'),
(532, 14, 1, 'Nouvelle récompense ajoutée.', '', '2025-07-29 16:03:05'),
(533, 14, 1, 'Nouvelle récompense ajoutée.', '', '2025-07-29 16:03:05'),
(534, 14, 1, 'Nouvelle récompense ajoutée.', '', '2025-07-29 16:03:05'),
(535, 14, 1, 'Nouvelle récompense ajoutée.', '', '2025-07-29 16:03:05'),
(536, 14, 1, 'Nouvelle récompense ajoutée.', '', '2025-07-29 16:03:05'),
(537, 14, 1, 'Nouvelle récompense ajoutée.', '', '2025-07-29 16:03:05'),
(538, 14, 1, 'Nouvelle récompense ajoutée.', '', '2025-07-29 16:03:05'),
(539, 14, 1, 'Nouvelle récompense ajoutée.', '', '2025-07-29 16:03:05'),
(540, 14, 1, 'Nouvelle récompense ajoutée.', '', '2025-07-29 16:03:05'),
(541, 14, 1, 'Nouvelle récompense ajoutée.', '', '2025-07-29 16:03:05'),
(542, 14, 1, 'Nouvelle récompense ajoutée.', '', '2025-07-29 16:03:05'),
(543, 14, 1, 'Nouvelle récompense ajoutée.', '', '2025-07-29 16:03:05'),
(544, 14, 1, 'Nouvelle récompense ajoutée.', '', '2025-07-29 16:03:05'),
(545, 14, 1, 'Nouvelle récompense ajoutée.', '', '2025-07-29 16:03:05'),
(546, 14, 1, 'Nouvelle récompense ajoutée.', '', '2025-07-29 16:03:05'),
(547, 14, 1, 'Nouvelle récompense ajoutée.', '', '2025-07-29 16:03:05'),
(548, 14, 1, 'Nouvelle récompense ajoutée.', '', '2025-07-29 16:03:05'),
(549, 14, 1, 'Nouvelle récompense ajoutée.', '', '2025-07-29 16:03:05'),
(550, 14, 1, 'Nouvelle récompense ajoutée.', '', '2025-07-29 16:03:05'),
(551, 14, 1, 'Nouvelle récompense ajoutée.', '', '2025-07-29 16:03:05'),
(552, 14, 1, 'Nouvelle récompense ajoutée.', '', '2025-07-29 16:03:05'),
(553, 14, 1, 'Nouvelle récompense ajoutée.', '', '2025-07-29 16:03:05'),
(554, 14, 1, 'Nouvelle récompense ajoutée.', '', '2025-07-29 16:03:05'),
(555, 14, 1, 'Nouvelle récompense ajoutée.', '', '2025-07-29 16:03:05'),
(556, 14, 1, 'Nouvelle récompense ajoutée.', '', '2025-07-29 16:03:05'),
(557, 14, 1, 'Nouvelle récompense ajoutée.', '', '2025-07-29 16:03:05'),
(558, 14, 1, 'Nouvelle récompense ajoutée.', '', '2025-07-29 16:03:05'),
(559, 14, 1, 'Nouvelle récompense ajoutée.', '', '2025-07-29 16:03:05'),
(560, 14, 1, 'Nouvelle récompense ajoutée.', '', '2025-07-29 16:03:05'),
(561, 14, 1, 'Nouvelle récompense ajoutée.', '', '2025-07-29 16:03:05'),
(562, 14, 1, 'Nouvelle récompense ajoutée.', '', '2025-07-29 16:03:05'),
(563, 14, 1, 'Nouvelle récompense ajoutée.', '', '2025-07-29 16:03:05'),
(564, 14, 1, 'Nouvelle récompense ajoutée.', '', '2025-07-29 16:03:05'),
(565, 14, 1, 'Nouvelle récompense ajoutée.', '', '2025-07-29 16:03:05'),
(566, 14, 1, 'Nouvelle récompense ajoutée.', '', '2025-07-29 16:03:05'),
(567, 14, 1, 'Nouvelle récompense ajoutée.', '', '2025-07-29 16:03:05'),
(568, 14, 1, 'Nouvelle récompense ajoutée.', '', '2025-07-29 16:03:05'),
(569, 14, 1, 'Nouvelle récompense ajoutée.', '', '2025-07-29 16:03:05'),
(570, 14, 1, 'Nouvelle récompense ajoutée.', '', '2025-07-29 16:03:05'),
(571, 14, 1, 'Nouvelle récompense ajoutée.', '', '2025-07-29 16:03:05'),
(572, 14, 1, 'Nouvelle récompense ajoutée.', '', '2025-07-29 16:03:05'),
(573, 14, 1, 'Nouvelle récompense ajoutée.', '', '2025-07-29 16:03:05'),
(574, 14, 1, 'Nouvelle récompense ajoutée.', '', '2025-07-29 16:03:05'),
(575, 14, 1, 'Nouvelle récompense ajoutée.', '', '2025-07-29 16:03:05'),
(576, 14, 1, 'Nouvelle récompense ajoutée.', '', '2025-07-29 16:03:05'),
(577, 14, 1, 'Nouvelle récompense ajoutée.', '', '2025-07-29 16:03:05'),
(578, 14, 1, 'Nouvelle récompense ajoutée.', '', '2025-07-29 16:03:05'),
(579, 14, 1, 'Nouvelle récompense ajoutée.', '', '2025-07-29 16:03:05'),
(580, 14, 1, 'Nouvelle récompense ajoutée.', '', '2025-07-29 16:03:05'),
(581, 14, 1, 'Nouvelle récompense ajoutée.', '', '2025-07-29 16:03:05'),
(582, 14, 1, 'Nouvelle récompense ajoutée.', '', '2025-07-29 16:03:05'),
(583, 14, 1, 'Nouvelle récompense ajoutée.', '', '2025-07-29 16:03:05'),
(584, 14, 1, 'Nouvelle récompense ajoutée.', '', '2025-07-29 16:03:05'),
(585, 14, 1, 'Nouvelle récompense ajoutée.', '', '2025-07-29 16:03:05'),
(586, 14, 1, 'Nouvelle récompense ajoutée.', '', '2025-07-29 16:03:05'),
(587, 14, 1, 'Nouvelle récompense ajoutée.', '', '2025-07-29 16:03:05'),
(588, 14, 1, 'Nouvelle récompense ajoutée.', '', '2025-07-29 16:03:05'),
(589, 14, 1, 'Nouvelle récompense ajoutée.', '', '2025-07-29 16:03:05'),
(590, 14, 1, 'Nouvelle récompense ajoutée.', '', '2025-07-29 16:03:05'),
(591, 14, 1, 'Nouvelle récompense ajoutée.', '', '2025-07-29 16:03:05'),
(592, 14, 1, 'Nouvelle récompense ajoutée.', '', '2025-07-29 16:03:05'),
(593, 14, 1, 'Nouvelle récompense ajoutée.', '', '2025-07-29 16:03:05'),
(594, 14, 1, 'Nouvelle récompense ajoutée.', '', '2025-07-29 16:03:05'),
(595, 14, 1, 'Nouvelle récompense ajoutée.', '', '2025-07-29 16:03:05'),
(596, 14, 1, 'Nouvelle récompense ajoutée.', '', '2025-07-29 16:03:05'),
(597, 14, 1, 'Nouvelle récompense ajoutée.', '', '2025-07-29 16:03:05'),
(598, 14, 1, 'Nouvelle récompense ajoutée.', '', '2025-07-29 16:03:05'),
(599, 14, 1, 'Nouvelle récompense ajoutée.', '', '2025-07-29 16:03:05'),
(600, 14, 1, 'Nouvelle récompense ajoutée.', '', '2025-07-29 16:03:05'),
(601, 14, 1, 'Nouvelle récompense ajoutée.', '', '2025-07-29 16:03:05'),
(602, 14, 1, 'Nouvelle récompense ajoutée.', '', '2025-07-29 16:03:05'),
(603, 14, 1, 'Nouvelle récompense ajoutée.', '', '2025-07-29 16:03:05'),
(604, 14, 1, 'Nouvelle récompense ajoutée.', '', '2025-07-29 16:03:05'),
(605, 14, 1, 'Nouvelle récompense ajoutée.', '', '2025-07-29 16:03:05'),
(606, 14, 1, 'Nouvelle récompense ajoutée.', '', '2025-07-29 16:03:05'),
(607, 14, 1, 'Nouvelle récompense ajoutée.', '', '2025-07-29 16:03:05'),
(608, 14, 1, 'Nouvelle récompense ajoutée.', '', '2025-07-29 16:03:05'),
(609, 14, 1, 'Nouvelle récompense ajoutée.', '', '2025-07-29 16:03:05'),
(610, 14, 1, 'Nouvelle récompense ajoutée.', '', '2025-07-29 16:03:05'),
(611, 14, 1, 'Nouvelle récompense ajoutée.', '', '2025-07-29 16:03:05'),
(612, 14, 1, 'Nouvelle récompense ajoutée.', '', '2025-07-29 16:03:05'),
(613, 14, 1, 'Nouvelle récompense ajoutée.', '', '2025-07-29 16:03:05'),
(614, 14, 1, 'Nouvelle récompense ajoutée.', '', '2025-07-29 16:03:05'),
(615, 14, 1, 'Nouvelle récompense ajoutée.', '', '2025-07-29 16:03:05'),
(616, 14, 1, 'Nouvelle récompense ajoutée.', '', '2025-07-29 16:03:05'),
(617, 14, 1, 'Nouvelle récompense ajoutée.', '', '2025-07-29 16:03:05'),
(618, 14, 1, 'Nouvelle récompense ajoutée.', '', '2025-07-29 16:03:05'),
(619, 14, 1, 'Nouvelle récompense ajoutée.', '', '2025-07-29 16:03:05'),
(620, 14, 1, 'Nouvelle récompense ajoutée.', '', '2025-07-29 16:03:05'),
(621, 14, 1, 'Nouvelle récompense ajoutée.', '', '2025-07-29 16:03:05'),
(622, 14, 1, 'Nouvelle récompense ajoutée.', '', '2025-07-29 16:03:05'),
(623, 14, 1, 'Nouvelle récompense ajoutée.', '', '2025-07-29 16:03:05'),
(624, 14, 1, 'Nouvelle récompense ajoutée.', '', '2025-07-29 16:03:05'),
(625, 14, 1, 'Nouvelle récompense ajoutée.', '', '2025-07-29 16:03:05'),
(626, 14, 1, 'Nouvelle récompense ajoutée.', '', '2025-07-29 16:03:05'),
(627, 14, 1, 'Nouvelle récompense ajoutée.', '', '2025-07-29 16:03:05'),
(628, 14, 1, 'Nouvelle récompense ajoutée.', '', '2025-07-29 16:03:05'),
(629, 14, 1, 'Nouvelle récompense ajoutée.', '', '2025-07-29 16:03:05'),
(630, 14, 1, 'Nouvelle récompense ajoutée.', '', '2025-07-29 16:03:05'),
(631, 14, 1, 'Nouvelle récompense ajoutée.', '', '2025-07-29 16:03:05'),
(632, 14, 1, 'Nouvelle récompense ajoutée.', '', '2025-07-29 16:03:05'),
(633, 14, 1, 'Nouvelle récompense ajoutée.', '', '2025-07-29 16:03:05'),
(634, 14, 1, 'Nouvelle récompense ajoutée.', '', '2025-07-29 16:03:05'),
(635, 14, 1, 'Nouvelle récompense ajoutée.', '', '2025-07-29 16:03:05'),
(636, 14, 1, 'Nouvelle récompense ajoutée.', '', '2025-07-29 16:03:05'),
(637, 14, 1, 'Nouvelle récompense ajoutée.', '', '2025-07-29 16:03:05'),
(638, 14, 1, 'Nouvelle récompense ajoutée.', '', '2025-07-29 16:03:05'),
(639, 14, 1, 'Nouvelle récompense ajoutée.', '', '2025-07-29 16:03:05'),
(640, 14, 1, 'Nouvelle récompense ajoutée.', '', '2025-07-29 16:03:05'),
(641, 14, 1, 'Nouvelle récompense ajoutée.', '', '2025-07-29 16:03:05'),
(642, 14, 1, 'Nouvelle récompense ajoutée.', '', '2025-07-29 16:03:05'),
(643, 14, 1, 'Nouvelle récompense ajoutée.', '', '2025-07-29 16:03:05'),
(644, 14, 1, 'Nouvelle récompense ajoutée.', '', '2025-07-29 16:03:05'),
(645, 14, 1, 'Nouvelle récompense ajoutée.', '', '2025-07-29 16:03:05'),
(646, 14, 1, 'Nouvelle récompense ajoutée.', '', '2025-07-29 16:03:05'),
(647, 14, 1, 'Nouvelle récompense ajoutée.', '', '2025-07-29 16:03:05'),
(648, 14, 1, 'Nouvelle récompense ajoutée.', '', '2025-07-29 16:03:05'),
(649, 14, 1, 'Nouvelle récompense ajoutée.', '', '2025-07-29 16:03:05'),
(650, 14, 1, 'Nouvelle récompense ajoutée.', '', '2025-07-29 16:03:05'),
(651, 14, 1, 'Nouvelle récompense ajoutée.', '', '2025-07-29 16:03:05'),
(652, 14, 1, 'Nouvelle récompense ajoutée.', '', '2025-07-29 16:03:05'),
(653, 14, 1, 'Nouvelle récompense ajoutée.', '', '2025-07-29 16:03:05'),
(654, 14, 1, 'Nouvelle récompense ajoutée.', '', '2025-07-29 16:03:05'),
(655, 14, 1, 'Nouvelle récompense ajoutée.', '', '2025-07-29 16:03:05'),
(656, 14, 1, 'Nouvelle récompense ajoutée.', '', '2025-07-29 16:03:05'),
(657, 14, 1, 'Nouvelle récompense ajoutée.', '', '2025-07-29 16:03:05'),
(658, 14, 1, 'Nouvelle récompense ajoutée.', '', '2025-07-29 16:03:05'),
(659, 14, 1, 'Nouvelle récompense ajoutée.', '', '2025-07-29 16:03:05'),
(660, 14, 1, 'Nouvelle récompense ajoutée.', '', '2025-07-29 16:03:05'),
(661, 14, 1, 'Nouvelle récompense ajoutée.', '', '2025-07-29 16:03:05'),
(662, 14, 1, 'Nouvelle récompense ajoutée.', '', '2025-07-29 16:03:05'),
(663, 14, 1, 'Nouvelle récompense ajoutée.', '', '2025-07-29 16:03:05'),
(664, 14, 1, 'Nouvelle récompense ajoutée.', '', '2025-07-29 16:03:05'),
(665, 14, 1, 'Nouvelle récompense ajoutée.', '', '2025-07-29 16:03:05'),
(666, 14, 1, 'Nouvelle récompense ajoutée.', '', '2025-07-29 16:03:05'),
(667, 14, 1, 'Nouvelle récompense ajoutée.', '', '2025-07-29 16:03:05'),
(668, 14, 1, 'Nouvelle récompense ajoutée.', '', '2025-07-29 16:03:05'),
(669, 14, 1, 'Nouvelle récompense ajoutée.', '', '2025-07-29 16:03:05'),
(670, 14, 1, 'Nouvelle récompense ajoutée.', '', '2025-07-29 16:03:05'),
(671, 14, 1, 'Nouvelle récompense ajoutée.', '', '2025-07-29 16:03:05'),
(672, 14, 1, 'Nouvelle récompense ajoutée.', '', '2025-07-29 16:03:05'),
(673, 14, 1, 'Nouvelle récompense ajoutée.', '', '2025-07-29 16:03:05'),
(674, 14, 1, 'Nouvelle récompense ajoutée.', '', '2025-07-29 16:03:05'),
(675, 14, 1, 'Nouvelle récompense ajoutée.', '', '2025-07-29 16:03:05'),
(676, 14, 1, 'Nouvelle récompense ajoutée.', '', '2025-07-29 16:03:05'),
(677, 14, 1, 'Nouvelle récompense ajoutée.', '', '2025-07-29 16:03:05'),
(678, 14, 1, 'Nouvelle récompense ajoutée.', '', '2025-07-29 16:03:05'),
(679, 14, 1, 'Nouvelle récompense ajoutée.', '', '2025-07-29 16:03:05'),
(680, 14, 1, 'Nouvelle récompense ajoutée.', '', '2025-07-29 16:03:05'),
(681, 14, 1, 'Nouvelle récompense ajoutée.', '', '2025-07-29 16:03:05'),
(682, 14, 1, 'Nouvelle récompense ajoutée.', '', '2025-07-29 16:03:05'),
(683, 14, 1, 'Nouvelle récompense ajoutée.', '', '2025-07-29 16:03:05'),
(684, 14, 1, 'Nouvelle récompense ajoutée.', '', '2025-07-29 16:03:05'),
(685, 14, 1, 'Nouvelle récompense ajoutée.', '', '2025-07-29 16:03:05'),
(686, 14, 1, 'Nouvelle récompense ajoutée.', '', '2025-07-29 16:03:05'),
(687, 14, 1, 'Nouvelle récompense ajoutée.', '', '2025-07-29 16:03:05'),
(688, 14, 1, 'Nouvelle récompense ajoutée.', '', '2025-07-29 16:03:05'),
(689, 14, 1, 'Nouvelle récompense ajoutée.', '', '2025-07-29 16:03:05'),
(690, 14, 1, 'Nouvelle récompense ajoutée.', '', '2025-07-29 16:03:05'),
(691, 14, 1, 'Nouvelle récompense ajoutée.', '', '2025-07-29 16:03:05'),
(692, 14, 1, 'Nouvelle récompense ajoutée.', '', '2025-07-29 16:03:05'),
(693, 14, 1, 'Nouvelle récompense ajoutée.', '', '2025-07-29 16:03:05'),
(694, 14, 1, 'Nouvelle récompense ajoutée.', '', '2025-07-29 16:03:05'),
(695, 14, 1, 'Nouvelle récompense ajoutée.', '', '2025-07-29 16:03:05'),
(696, 14, 1, 'Nouvelle récompense ajoutée.', '', '2025-07-29 16:03:05'),
(697, 14, 1, 'Nouvelle récompense ajoutée.', '', '2025-07-29 16:03:05'),
(698, 14, 1, 'Nouvelle récompense ajoutée.', '', '2025-07-29 16:03:05'),
(699, 14, 1, 'Nouvelle récompense ajoutée.', '', '2025-07-29 16:03:05'),
(700, 14, 1, 'Nouvelle récompense ajoutée.', '', '2025-07-29 16:03:05'),
(701, 14, 1, 'Nouvelle récompense ajoutée.', '', '2025-07-29 16:03:05');
INSERT INTO `notification` (`id_notif`, `id_uti`, `id_rec`, `message`, `type`, `date`) VALUES
(702, 14, 1, 'Nouvelle récompense ajoutée.', '', '2025-07-29 16:03:05'),
(703, 14, 1, 'Nouvelle récompense ajoutée.', '', '2025-07-29 16:03:05'),
(704, 14, 1, 'Nouvelle récompense ajoutée.', '', '2025-07-29 16:03:05'),
(705, 14, 1, 'Nouvelle récompense ajoutée.', '', '2025-07-29 16:03:05'),
(706, 14, 1, 'Nouvelle récompense ajoutée.', '', '2025-07-29 16:03:05'),
(707, 14, 2, 'Nouvelle récompense ajoutée.', '', '2025-07-29 18:52:23'),
(708, 14, 1, 'Nouvelle récompense ajoutée.', '', '2025-07-29 19:05:22'),
(709, 14, 1, 'Modification du mode de cotisation pour la récompense', '', '2025-07-29 19:06:28'),
(710, 14, 2, 'Nouvelle récompense ajoutée.', '', '2025-07-29 19:07:34'),
(711, 14, 3, 'Mise à jour de la récompense', '', '2025-07-29 19:09:40'),
(712, 14, 1, 'Mise à jour de la récompense', '', '2025-07-29 19:12:36'),
(713, 14, 3, 'Mise à jour de la récompense', '', '2025-07-29 19:47:38'),
(714, 14, 2, 'Modification du mode de cotisation pour la récompense', '', '2025-07-29 19:49:19'),
(715, 14, NULL, 'Profile mis a jour', '', '2025-07-29 19:58:19'),
(716, 14, 2, 'Modification du mode de cotisation pour la récompense', '', '2025-07-29 22:02:52'),
(717, 14, 2, 'Modification du mode de cotisation pour la récompense', '', '2025-07-29 22:10:46'),
(718, 14, 3, 'Modification du mode de cotisation pour la récompense', '', '2025-07-29 22:21:29'),
(719, 14, 1, 'Mise à jour de la récompense', '', '2025-07-29 22:22:52'),
(720, 14, 1, 'Modification du mode de cotisation pour la récompense', '', '2025-07-29 22:23:30'),
(721, 14, 2, 'Nouvelle récompense ajoutée.', '', '2025-07-29 22:50:55'),
(722, 14, 3, 'Nouvelle récompense ajoutée.', '', '2025-07-29 22:51:31'),
(723, 14, 1, 'Mise à jour de la récompense', '', '2025-07-29 22:52:24'),
(724, 14, 2, 'Modification du mode de cotisation pour la récompense', '', '2025-07-29 22:53:03'),
(725, 14, 1, 'Modification du mode de cotisation pour la récompense', '', '2025-07-29 23:03:14'),
(726, 14, 2, 'Nouvelle récompense ajoutée.', '', '2025-07-29 23:33:33'),
(727, 14, 2, 'Cotisation terminé pour une récompense.', '', '2025-07-29 23:38:33'),
(728, 14, 1, 'Nouvelle récompense ajoutée.', '', '2025-07-29 23:46:27'),
(729, 14, 3, 'Nouvelle récompense ajoutée.', '', '2025-07-30 06:52:34'),
(730, 14, 3, 'Prochaine échéance programmée pour le 06/08/2025', '', '2025-07-30 06:53:02'),
(731, 14, 2, 'Nouvelle récompense ajoutée.', '', '2025-07-30 07:04:15'),
(732, 14, 2, 'Félicitations ! Vous avez terminé toutes les cotisations pour cette récompense.', '', '2025-07-30 07:05:38'),
(733, 14, 1, 'Nouvelle récompense ajoutée.', '', '2025-07-30 07:17:45'),
(734, 14, 1, 'Échéance manquée pour le 29/07/2025', 'warning', '2025-07-30 07:26:52'),
(735, 14, 1, 'Nouvelle échéance programmée pour le 30/07/2025', 'info', '2025-07-30 07:26:52'),
(736, 14, 1, 'Modification du mode de cotisation pour la récompense', 'info', '2025-07-30 07:38:03'),
(737, 14, 1, 'Félicitations ! Vous avez terminé toutes les cotisations pour cette récompense.', 'success', '2025-07-30 07:38:24'),
(738, 22, 2, 'Nouvelle récompense ajoutée.', 'info', '2025-07-31 07:45:33'),
(739, 22, 2, 'Échéance manquée pour le 31/07/2025', 'warning', '2025-08-09 22:34:48'),
(740, 22, 2, 'Nouvelle échéance programmée pour le 01/08/2025', 'info', '2025-08-09 22:34:48'),
(741, 22, 2, 'Échéance manquée pour le 01/08/2025', 'warning', '2025-08-09 22:36:39'),
(742, 22, 2, 'Nouvelle échéance programmée pour le 02/08/2025', 'info', '2025-08-09 22:36:39'),
(743, 22, 2, 'Échéance manquée pour le 02/08/2025', 'warning', '2025-08-09 22:36:49'),
(744, 22, 2, 'Nouvelle échéance programmée pour le 03/08/2025', 'info', '2025-08-09 22:36:49'),
(745, 22, 2, 'Échéance manquée pour le 03/08/2025', 'warning', '2025-08-09 22:36:56'),
(746, 22, 2, 'Nouvelle échéance programmée pour le 04/08/2025', 'info', '2025-08-09 22:36:56'),
(747, 22, 2, 'Échéance manquée pour le 04/08/2025', 'warning', '2025-08-09 22:40:09'),
(748, 22, 2, 'Nouvelle échéance programmée pour le 05/08/2025', 'info', '2025-08-09 22:40:09'),
(749, 22, 3, 'Nouvelle récompense ajoutée.', 'info', '2025-08-09 22:42:58'),
(750, 22, 2, 'Échéance manquée pour le 05/08/2025', 'warning', '2025-08-09 22:42:59'),
(751, 22, 2, 'Nouvelle échéance programmée pour le 06/08/2025', 'info', '2025-08-09 22:42:59'),
(752, 22, 2, 'Échéance manquée pour le 06/08/2025', 'warning', '2025-08-09 22:46:33'),
(753, 22, 2, 'Nouvelle échéance programmée pour le 07/08/2025', 'info', '2025-08-09 22:46:33'),
(754, 22, 2, 'Échéance manquée pour le 07/08/2025', 'warning', '2025-08-09 22:46:42'),
(755, 22, 2, 'Nouvelle échéance programmée pour le 08/08/2025', 'info', '2025-08-09 22:46:42'),
(756, 22, 2, 'Échéance manquée pour le 08/08/2025', 'warning', '2025-08-09 22:51:17'),
(757, 22, 2, 'Nouvelle échéance programmée pour le 09/08/2025', 'info', '2025-08-09 22:51:17'),
(758, 22, NULL, 'Nouvelle méthode de paiement ajouter.', 'info', '2025-08-09 23:28:09'),
(759, 22, 3, 'Prochaine échéance programmée pour le 10/08/2025', 'info', '2025-08-09 23:28:25'),
(760, 22, 2, 'Modification du mode de cotisation pour la récompense', 'info', '2025-08-09 23:51:10'),
(761, 22, 2, 'Félicitations ! Vous avez terminé toutes les cotisations pour cette récompense.', 'success', '2025-08-09 23:51:25'),
(762, 22, 3, 'Prochaine échéance programmée pour le 11/08/2025', 'info', '2025-08-10 00:16:20'),
(763, 22, 3, 'Prochaine échéance programmée pour le 12/08/2025', 'info', '2025-08-10 00:23:28'),
(764, 22, 3, 'Modification du mode de cotisation pour la récompense', 'info', '2025-08-10 00:28:31'),
(765, 22, 3, 'Félicitations ! Vous avez terminé toutes les cotisations pour cette récompense.', 'success', '2025-08-10 00:28:41'),
(766, 22, 1, 'Nouvelle récompense ajoutée.', 'info', '2025-08-10 00:40:28'),
(767, 22, 1, 'Félicitations ! Vous avez terminé toutes les cotisations pour cette récompense.', 'success', '2025-08-10 00:40:54');

-- --------------------------------------------------------

--
-- Structure de la table `recompense`
--

DROP TABLE IF EXISTS `recompense`;
CREATE TABLE IF NOT EXISTS `recompense` (
  `id_rec` int(11) NOT NULL AUTO_INCREMENT,
  `nom_rec` varchar(200) NOT NULL,
  `prix_rec` varchar(200) NOT NULL,
  `img_rec` varchar(200) NOT NULL,
  `categorie` varchar(200) NOT NULL,
  PRIMARY KEY (`id_rec`)
) ENGINE=MyISAM AUTO_INCREMENT=4 DEFAULT CHARSET=utf8;

--
-- Déchargement des données de la table `recompense`
--

INSERT INTO `recompense` (`id_rec`, `nom_rec`, `prix_rec`, `img_rec`, `categorie`) VALUES
(1, 'Ordinateur de bureau', '400000', 'c1fb915c5246fc4c6a5a596907fa2231.jfif', 'Electroménager'),
(2, 'Pc gaming', '800000', 'c1fb915c5246fc4c6a5a596907fa2231.jfif', 'Véhicules'),
(3, 'test-1', '500000', 'c1fb915c5246fc4c6a5a596907fa2231.jfif', 'Vivres');

-- --------------------------------------------------------

--
-- Structure de la table `utilisateurs`
--

DROP TABLE IF EXISTS `utilisateurs`;
CREATE TABLE IF NOT EXISTS `utilisateurs` (
  `id_uti` int(11) NOT NULL AUTO_INCREMENT,
  `nom_uti` varchar(200) NOT NULL,
  `prenom_uti` varchar(200) NOT NULL,
  `img_uti` varchar(200) NOT NULL DEFAULT '../Assets/img/default.png',
  `password` varchar(200) NOT NULL,
  `balance_uti` varchar(200) DEFAULT '0',
  `progression` varchar(200) DEFAULT NULL,
  `id_rec` int(11) DEFAULT NULL,
  `email_uti` varchar(200) NOT NULL,
  `num_uti` varchar(200) NOT NULL,
  `date_uti` timestamp NOT NULL DEFAULT CURRENT_TIMESTAMP,
  PRIMARY KEY (`id_uti`),
  KEY `id_rec` (`id_rec`)
) ENGINE=MyISAM AUTO_INCREMENT=23 DEFAULT CHARSET=utf8;

--
-- Déchargement des données de la table `utilisateurs`
--

INSERT INTO `utilisateurs` (`id_uti`, `nom_uti`, `prenom_uti`, `img_uti`, `password`, `balance_uti`, `progression`, `id_rec`, `email_uti`, `num_uti`, `date_uti`) VALUES
(1, 'LABINTAN', 'Emmanuel', 'http://localhost/tontine%20en%20ligne/public/Assets/img/c1fb915c5246fc4c6a5a596907fa2231.jfif', 'azertyu', '4000', '', 3, 'emmanuellbns@gmail.com', '+229014484284000', '2025-07-15 18:47:45'),
(2, 'bof', 'jr', 'kkk', 'fnhf', 'nnhehjf', '', 1, 'hhh', 'bnnnnn', '2025-07-16 09:15:48'),
(3, 'bof', 'jr', 'kkk', 'fnhf', 'nnhehjf', '', 1, 'hhh', 'bnnnnn', '2025-07-16 09:16:39'),
(4, 'LABINTAN', 'Emmanuel', '../Assets/img/default.png', '$2y$10$YI2TijstN7uBciLI1Yi0XenPM0/gae0V2u3ZOEpMs3R6PXQD8h6T6', '0', NULL, 1, 'olalbns@gmail.com', '52503007', '2025-07-23 07:26:29'),
(11, 'LABINTAN', 'Emmanuel', 'default.png', '$2y$10$sDRaGvnDQWPsGb8XJSoXdugx62ez8NPBQe6QkJJqUwRo7QM3cIMoa', '0', NULL, NULL, 'admin@moncapital.com', '525030070', '2025-07-23 07:37:41'),
(12, 'LABINTAN', 'Emmanuel', '../Assets/img/default.png', '$2y$10$x4OP7UNj8dPrhczAXJZyaOH/7BYBKy1rBsqBqEBL5NuX9Eq9.ezF6', '0', NULL, 2, 'admin@moncapital.coi', '5250300777', '2025-07-25 12:26:34'),
(13, 'LABINTAN', 'Emmanuel', '../Assets/img/default.png', '$2y$10$PZmELGiEvgTNdOzNLVnoiuIT4aLW3gtj1sjNmjqhTAsJp3KjNm.3i', '0', NULL, 2, 'admin@moncapital.co', '52503007585', '2025-07-26 06:52:00'),
(14, 'LABINTAN', 'Emmanuel', 'http://localhost/tontine%20en%20ligne/Public/Assets/img/default.png', '$2y$10$bENNIvziP9QOPNH/lMtJsO4kIjHR.FRaoFtj0DSSzSOIL5duLcWp2', '0', NULL, 1, 'admin@moncapital.c', '52503007585584', '2025-07-26 07:14:42'),
(15, 'Gau', 'Tier', '../Assets/img/default.png', '$2y$10$WYeYvZ7aDxUjWCXlFzEqDuePeMVIQUIEPUPq9jjkKfKqFQMUfsHUq', '0', NULL, 3, 'gau@g.c', '123', '2025-07-26 07:50:59'),
(16, 'Gau', 'Tier', '../Assets/img/default.png', '$2y$10$0fqtluJzOdmv69aWo24Bwu2wYpaOU24AFuHp4L9Z6GZhbYZUWEUsa', '0', NULL, NULL, 'gau@g.c', '123', '2025-07-26 07:50:59'),
(17, 'Gau', 'Tier', '../Assets/img/default.png', '$2y$10$ZmQQZjCwms9CQbObpMqkn.TpZZyGVjAx/qEtww0pf2kUTvEY0sxei', '0', NULL, NULL, 'gau@g.c', '123', '2025-07-26 07:50:59'),
(18, 'Gau', 'Tier', '../Assets/img/default.png', '$2y$10$pcdm9IDEug13av7r3kCgTeWM3g9bLEahNZgWPRFuauGiZSJEX9FBa', '0', NULL, NULL, 'gau@g.c', '123', '2025-07-26 07:50:59'),
(19, 'LABINTAN', 'Emmanue', '../Assets/img/default.png', '$2y$10$zOj..wo0izy3CGmS/oL5eOyiDmaWtNtfpGMCgf0b5b/ItLRr2OyRG', '0', NULL, NULL, 'emmanuellbns@gmail.co', '5250300777888', '2025-07-26 07:54:26'),
(20, 'LABINTAN', 'Emmanue', '../Assets/img/default.png', '$2y$10$FuIwDQLLyim145n8KTJqYuXb7ZJft3uKOn1v3WEEJIQmzYPVmE58K', '0', NULL, 2, 'emmanuellbns@gil.co', '525030077780', '2025-07-26 13:48:11'),
(21, 'Kbb', 'Vgg', 'https://68c20f279ed1.ngrok-free.app/Tontine%20en%20ligne/public/Assets/img/default.png', '$2y$10$QkoWZj88IAXjSH6V92m.P.xOvnzt6xbqqZLC/qfQbOhWOa29f4ibW', '0', NULL, 3, 'fffg@gg.cg', '5555', '2025-07-26 13:55:40'),
(22, 'LABINTAN', 'Emmanuel', '../Assets/img/default.png', '$2y$10$na3JPkOxUtJsbs6dEchbEOciLNSNhRiqgDr780HiWyrQf/x5yoik2', '0', NULL, 1, 'rootm@jjL.ii', '5250300777777', '2025-07-31 07:44:57');
COMMIT;

/*!40101 SET CHARACTER_SET_CLIENT=@OLD_CHARACTER_SET_CLIENT */;
/*!40101 SET CHARACTER_SET_RESULTS=@OLD_CHARACTER_SET_RESULTS */;
/*!40101 SET COLLATION_CONNECTION=@OLD_COLLATION_CONNECTION */;
